あいおい	479
あいおいやま	146
あいかまち	112
あいかわ	63
あいかんうめつぼ	109
あいが	575
あいこういしだ	354
あいざん	0
あいだいいがくぶみなみぐち	112
あいちだいがくまえ	123
あいちみと	241
あいづあらかい	479
あいづおおしお	459
あいづかわぐち	112
あいづがもう	203
あいづき	324
あいづこうげんおぜぐち	112
あいづこすがわ	63
あいづさかもと	241
あいづさんそんどうじょう	203
あいづしおざわ	63
あいづしもごう	203
あいづたかだ	354
あいづたじま	146
あいづとよかわ	63
あいづなかがわ	63
あいづながの	60
あいづにしかた	313
あいづばんげ	79
あいづひのはら	10
あいづほんごう	203
あいづま	146
あいづみずぬま	146
あいづみやした	313
あいづやないづ	125
あいづよこた	313
あいづわかまつ	125
あいな	271
あいの	60
あいのうら	10
あいのき	324
あいのさときょういくだい	479
あいのさとこうえん	0
あいのない	479
あいのの	60
あいはら	10
あいべつ	125
あいみ	412
あいもと	241
あいら	10
あいらんどきたぐち	112
あい・ちきゅうはくきねんこうえん	0
あお	459
あおい	479
あおいだけ	69
あおうづ	125
あおくら	10
あおざさ	247
あおしま	146
あおつか	552
あおと	241
あおぬま	146
あおのがはら	10
あおのごう	203
あおのやま	146
あおはら	10
あおば	258
あおばだい	479
あおばどおり	54
あおばどおりいちばんちょう	203
あおばやま	146
あおべ	11
あおほり	54
あおみ	412
あおものよこちょう	203
あおもり	54
あおや	187
あおやぎ	341
あおやま	146
あおやまいっちょうめ	27
あおやまちょう	203
あか	552
あかい	479
あかいがわ	63
あかいけ	69
あかいわ	63
あかがわ	63
あかぎ	341
あかくらおんせん	0
あかさか	552
あかさかうえ	123
あかさかた	313
あかさかみつけ	69
あかさき	324
あかし	281
あかしな	271
あかせ	104
あかつか	552
あかつきがくえんまえ	123
あかどしょうがっこうまえ	123
あかの	60
あかばね	16
あかばねいわぶち	112
あかばねばし	281
あかびら	10
あかぶち	112
あかほり	54
あかぼし	281
あかま	146
あかみず	86
あかみね	16
あかめぐち	112
あかゆ	61
あがた	313
あがの	60
あがほ	106
あがりみち	112
あがわ	63
あき	324
あきあが	575
あきかめやま	146
あきかわじり	54
あきがわ	63
あきさいざき	324
あきしま	146
あきた	313
あきたかもつ	125
あきたきたこう	203
あきたこう	203
あきたしらかみ	412
あきつ	125
あきなかの	60
あきながつか	552
あきながはま	146
あきはばら	10
あきやぐち	112
あきやま	146
あぎ	341
あくい	479
あくね	16
あくらがわ	63
あぐい	479
あけち	112
あけちだいら	10
あけと	241
あけの	60
あけぼのばし	281
あげ	79
あげお	459
あげき	324
あげまつ	125
あこがしま	146
あこぎ	341
あさ	247
あさか	552
あさかだい	479
あさかながもり	54
あさかやま	146
あさかわ	63
あさがや	187
あさぎり	54
あさくさ	247
あさくさばし	281
あさくら	10
あさくらがいどう	203
あさしおばし	281
あさじ	335
あさと	241
あさなまち	112
あさなみ	412
あさの	60
あさひ	398
あさひおおつか	552
あさひかわ	63
あさひかわよじょう	203
あさひがおか	552
あさひの	60
あさひばし	281
あさひまえ	123
あさぶ	210
あさま	146
あさむしおんせん	0
あさり	54
あざぶじゅうばん	0
あざみ	412
あざみの	60
あざむい	479
あしお	459
あしかが	575
あしかがし	281
あしかじま	146
あしがくぼ	109
あしがせ	104
あしがら	10
あしがわ	63
あしさわ	63
あしだき	324
あしだち	112
あしのこうえん	0
あしのまきおんせん	0
あしのまきおんせんみなみ	412
あしはら	10
あしはらちょう	203
あしはらばし	281
あしべつ	125
あしもり	54
あしや	187
あしやがわ	63
あじおか	552
あじかわぐち	112
あじがうら	10
あじがさわ	63
あじき	324
あじさか	552
あじす	84
あじな	271
あじなひがし	281
あじま	146
あじよし	281
あじろ	22
あすか	552
あすなろうよっかいち	112
あすもまえ	123
あすわ	63
あすわやまこうえんぐち	112
あずさばし	281
あずみおいわけ	69
あずみくつかけ	69
あせり	54
あそ	35
あそう	203
あそうず	86
あそしもだじょうふれあいおんせん	0
あそしらかわ	63
あぞうの	60
あたご	314
あたごばし	281
あたしか	552
あたみ	412
あたわ	63
あだち	112
あだちおだい	479
あっけし	281
あっそ	35
あっとこ	260
あっぴこうげん	0
あつ	125
あつが	575
あつぎ	341
あつた	313
あつない	479
あつべつ	125
あつみおんせん	0
あづち	112
あづま	146
あてらざわ	63
あと	241
あどがわ	63
あながわ	63
あなない	479
あなぶき	324
あなべ	11
あなみず	86
あなもりいなり	54
あなやま	146
あなん	0
あにあい	479
あにはた	313
あにまえだ	354
あにまたぎ	341
あねがさき	324
あねべつ	125
あのう	203
あのお	459
あばしり	54
あびき	324
あびこ	260
あびこちょう	203
あびこまえ	123
あびら	10
あふりじんじゃ	187
あぶらかわ	63
あぶらつ	125
あぶらでん	0
あぶらひ	398
あべ	11
あべかわ	63
あべの	60
あべやまこうえん	0
あぼざき	324
あぼし	281
あまありき	324
あまがさか	552
あまがさき	324
あまがさきせんたーぷーるまえ	123
あまがせ	104
あまがつじ	335
あまぎ	341
あまご	314
あまじ	335
あまつ	125
あまのはしだて	51
あまはらし	281
あまみ	412
あまりこ	260
あまるべ	11
あまるめ	27
あみの	60
あもり	54
あやおり	54
あやがわ	63
あやし	281
あやせ	104
あやべ	11
あやめいけ	69
あやめこうえん	0
あやらぎ	341
あゆかい	479
あゆかわ	63
あらい	479
あらいじゅく	168
あらいまち	112
あらいやくしまえ	123
あらお	459
あらかわおき	324
あらがかしのきだい	479
あらき	324
あらこ	260
あらこがわこうえん	0
あらしま	146
あらしやま	146
あらせ	104
あらたの	60
あらたまばし	281
あらと	241
あらはた	313
あらはま	146
あらもと	241
あらや	187
あらやしんまち	112
あらやまえ	123
ありあけ	69
ありあけてにすのもり	54
ありい	479
ありいがわ	63
ありおか	552
ありかべ	11
ありさ	247
ありすがわ	63
ありた	313
ありと	241
ありはた	313
ありまおんせん	0
ありまがわ	63
ありまぐち	112
ありまつ	125
ありみねぐち	112
ありよし	281
あわ	63
あわあかいし	281
あわあまつ	125
あわい	479
あわいけだ	354
あわおおたに	319
あわおおみや	187
あわかいなん	0
あわかつやま	146
あわかも	81
あわかもがわ	63
あわかわぐち	112
あわかわしま	146
あわかわばた	313
あわがさき	324
あわくらおんせん	0
あわこみなと	241
あわざ	253
あわじ	335
あわじちょう	203
あわたちばな	271
あわづ	125
あわとみだ	354
あわなかしま	146
あわの	60
あわはんだ	354
あわふくい	479
あわや	187
あわやまかわ	63
あわらおんせん	0
あわらゆのまち	112
あんじょう	203
あんじんづか	552
あんぜん	0
あんたろま	146
あんどう	203
あんなか	552
あんなかはるな	271
いい	479
いいおか	552
いいぐら	10
いいざかおんせん	0
いいじま	146
いいだ	354
いいだおか	552
いいだばし	281
いいづか	552
いいづめ	27
いいぬま	146
いいのうら	10
いいばま	146
いいもり	54
いいやま	146
いえき	324
いえぢがわ	63
いえなか	552
いえひさ	247
いえやま	146
いおうじまえ	123
いおき	324
いおぎ	341
いかうし	281
いかざき	324
いかりがせき	324
いかわ	63
いかわさくら	10
いかわし	281
いかわだに	319
いが	575
いがうえの	60
いがかんべ	11
いがこうづ	125
いがしま	146
いがみ	412
いがや	187
いきさん	0
いくさばた	313
いくじ	335
いくた	313
いくたはら	10
いくとら	10
いくの	60
いくのや	187
いくら	10
いぐみ	412
いけがみ	412
いけした	313
いけじり	54
いけじりおおはし	281
いけだ	354
いけだえん	0
いけづき	324
いけの	60
いけのうえ	123
いけのうら	10
いけのうらしーさいど	266
いけのたに	319
いけのべ	11
いけば	258
いけぶくろ	22
いけべ	11
いこいのひろば	258
いこいのむら	10
いこま	146
いこまさんじょう	203
いさ	247
いさいだ	354
いさはや	187
いさはやひがしこうこうまえ	123
いさりょう	203
いさわおんせん	0
いしい	479
いしうち	112
いしうちだむ	76
いしおか	552
いしかき	324
いしかりかなざわ	63
いしかりつきがた	313
いしかりとうべつ	125
いしかりぬまた	313
いしかりふとみ	412
いしかわ	63
いしかわだい	479
いしかわちょう	203
いしかわぷーるまえ	123
いしが	575
いしがみ	412
いしがみまえ	123
いしきり	54
いしくら	10
いしげ	79
いしこし	281
いしざい	479
いしじ	335
いしだ	354
いしづ	125
いしづがわ	63
いしづちやま	146
いしてがわこうえん	0
いしどりや	187
いしのまき	324
いしのまきあゆみの	60
いしのまきこう	203
いしはま	146
いしはらまち	112
いしば	258
いしばし	281
いしべ	11
いしぼとけ	69
いしや	187
いしやがわ	63
いしやま	146
いしやまでら	10
いしわら	10
いしんでん	0
いじゅういん	0
いじり	54
いすずがおか	552
いすずがわ	63
いするぎ	341
いずあたがわ	63
いずいなとり	54
いずおおかわ	63
いずきゅうしもだ	354
いずこうげん	0
いずたが	575
いずながおか	552
いずにった	313
いずほっかわ	63
いずみ	412
いずみおおつ	125
いずみおおみや	187
いずみがおか	552
いずみごう	203
いずみさの	60
いずみさわ	63
いずみざき	324
いずみすながわ	63
いずみた	313
いずみたいいくかん	0
いずみたまがわ	63
いずみちゅうおう	203
いずみとっとり	54
いずみの	60
いずみはしもと	241
いずみふちゅう	203
いずめ	27
いずもかがくかんぱーくたうんまえ	123
いずもさかね	16
いずもざき	324
いずもし	281
いずもじんざい	479
いずもたいしゃまえ	123
いずもだいとう	203
いずもみなり	54
いずもやしろ	22
いずもよこた	313
いずんま	146
いせあさひ	398
いせいしばし	281
いせうえの	60
いせおおい	479
いせおきつ	125
いせかしわざき	324
いせかまくら	10
いせかわぐち	112
いせかわしま	146
いせぎ	341
いせさき	324
いせざきちょうじゃまち	112
いせし	281
いせたけはら	10
いせだ	354
いせなかがわ	63
いせなかはら	10
いせはた	313
いせはった	313
いせはら	10
いせまつもと	241
いせやち	112
いせわかまつ	125
いそいち	112
いそう	203
いそご	314
いそざき	324
いそたけ	69
いそのうら	10
いそはら	10
いそぶんない	479
いそべ	11
いそやま	146
いたかの	60
いたが	575
いたくらとうようだいまえ	123
いたこ	260
いたの	60
いたばし	281
いたばしくやくしょまえ	123
いたばしほんちょう	203
いたぶ	210
いたみ	412
いたもち	112
いたや	187
いたやど	266
いたやなぎ	341
いだがわ	63
いだきそ	35
いだみち	112
いちお	459
いちおか	552
いちかわ	63
いちかわおおの	60
いちかわしおはま	146
いちかわだいもん	0
いちかわほんまち	112
いちかわまま	146
いちがお	459
いちがや	187
いちき	324
いちし	281
いちしろ	22
いちじま	146
いちじょうじ	335
いちじょうだに	319
いちたな	271
いちだ	354
いちつぼ	109
いちなみ	412
いちぬの	60
いちのえ	123
いちのかわ	63
いちのせ	104
いちのせき	324
いちのせきろくじぞうそん	0
いちのとりい	479
いちのへ	20
いちのべ	11
いちのみや	187
いちのもと	241
いちのわたり	54
いちのわり	54
いちはな	271
いちはら	10
いちば	258
いちばたぐち	112
いちぶ	210
いちぶり	54
いちべ	11
いっしゃ	187
いっしょうち	112
いっぽんまつ	125
いつかいち	112
いつかまち	112
いつつばし	281
いで	63
いでみつびじゅつかん	0
いとい	479
いといがわ	63
いといざわ	63
いとう	203
いとざき	324
いとしの	60
いとだ	354
いとぬき	324
いど	266
いどがや	187
いな	271
いなえ	123
いなえい	479
いなお	459
いなおおしま	146
いなかだて	51
いなかみさと	241
いなきた	313
いなぎ	341
いなぎながぬま	146
いなげ	79
いなげかいがん	0
いなこ	260
いなこざわ	63
いなざわ	63
いなし	281
いなしんまち	112
いなずさ	247
いなたじま	146
いなだ	354
いなだづつみ	412
いなちゅうおう	203
いなづみこうえん	0
いなでら	10
いなとい	479
いなの	60
いなはら	10
いなばふなおか	552
いなばやしろ	22
いなふくおか	552
いなほ	106
いなほんごう	203
いなまつしま	146
いなみ	412
いなむらがさき	324
いなやわた	313
いなり	54
いなりぐち	112
いなりちょう	203
いなりまち	112
いなりやま	146
いなりやまこうえん	0
いなわしろ	22
いなわしろこはん	0
いぬかい	479
いぬかわ	63
いぬじましんまち	112
いぬづか	552
いぬぼう	203
いぬやま	146
いぬやまぐち	112
いぬやまゆうえん	0
いの	60
いのう	203
いのかしらこうえん	0
いのくち	112
いのたに	319
いのなだ	354
いはらのさと	241
いばら	10
いばらいち	112
いばらき	324
いばらきし	281
いばらめ	27
いび	436
いびい	479
いぶすき	324
いぶりはし	281
いほ	106
いまい	479
いまいけ	69
いまいずみ	412
いまいせ	104
いまいち	112
いまいはまかいがん	0
いまがわ	63
いまがわかっぱ	239
いまぐま	146
いまざと	241
いまじゅく	168
いまじょう	203
いまづ	125
いまでがわ	63
いまばし	281
いまばり	54
いまふくつるみ	412
いまぶく	168
いまべつ	125
いまみや	187
いまみやえびす	84
いまやま	146
いまり	54
いや	187
いやぐち	112
いよいずし	281
いよいわき	324
いよおおず	86
いよおおひら	10
いよかみなだ	354
いよかめおか	552
いよき	324
いよこまつ	125
いよさいじょう	203
いよさくらい	479
いよさんがわ	63
いよし	281
いよしらたき	324
いよたちかわ	63
いよたちばな	271
いよとみた	313
いよどい	479
いよなかやま	146
いよながはま	146
いよひみ	412
いよひらの	60
いよほうじょう	203
いよみしま	146
いよみやのした	313
いよみよし	281
いよよこた	313
いよよしだ	354
いよわけ	69
いらがわ	63
いり	54
いりあけ	69
いりうだ	354
いりえおか	552
いりがいけこうえん	0
いりそ	35
いりの	60
いりひろせ	104
いりや	187
いりやませ	104
いりょうせんたー	313
いるまし	281
いれじ	335
いわい	479
いわいずみおもと	241
いわき	324
いわきあさかわ	63
いわきいしい	479
いわきいしかわ	63
いわきおおた	313
いわきたなくら	10
いわきときわ	63
いわきはなわ	63
いわきみなと	241
いわきもりやま	146
いわきり	54
いわくに	319
いわくら	10
いわくらじ	335
いわさわ	63
いわしま	146
いわしろ	22
いわしろしみず	86
いわじゅく	168
いわせ	104
いわせはま	146
いわた	313
いわたきぐち	112
いわだて	51
いわっぱらすきーじょうまえ	123
いわつか	552
いわつき	324
いわていいおか	552
いわていしばし	281
いわてかみごう	203
いわてかわぐち	112
いわてぬまくない	479
いわてふつかまち	112
いわてふなこし	281
いわで	63
いわでやま	146
いわと	241
いわなみ	412
いわぬま	146
いわね	16
いわねばし	281
いわのした	313
いわのめ	27
いわはな	271
いわはら	10
いわふね	16
いわふねまち	112
いわま	146
いわまつ	125
いわみ	412
いわみかわごえ	123
いわみかわもと	241
いわみざわ	63
いわみつが	575
いわみつだ	354
いわみふくみつ	125
いわみまつばら	10
いわみやなぜ	116
いわみよこた	313
いわむら	10
いわむらだ	354
いわむろ	22
いわもと	241
いわもとちょう	203
いわや	187
いわやま	146
いんざいまきのはら	10
いんない	479
いんのしょう	203
いんば	258
いんばにほんいだい	479
いんばら	10
いんべ	11
うぇすぱつばきやま	146
うえき	324
うえた	313
うえだ	354
うえだい	479
うえだはら	10
うえなえ	123
うえの	60
うえのおかちまち	112
うえのし	281
うえのしば	258
うえのどうぶつえんにしえん	0
うえのどうぶつえんひがしえん	0
うえのはら	10
うえのひろこうじ	335
うえばやし	281
うえまつ	125
うえむら	10
うおざき	324
うおずみ	412
うおづ	125
うおぬまきゅうりょう	203
うおぬまたなか	552
うおぬまなかじょう	203
うかい	479
うかほんごう	203
うがた	313
うきあな	271
うきしまちょう	203
うきぶち	112
うきまふなど	266
うくい	479
うぐいすだに	319
うぐいすの	60
うぐいすのもり	54
うぐす	84
うげ	79
うごいいづか	552
うごいわや	187
うごうしじま	146
うごおおた	313
うごかめだ	354
うごさかい	479
うごなかざと	241
うごながとろ	22
うごながの	60
うごほんじょう	203
うごよつや	187
うさ	247
うさみ	412
うしお	459
うしがはら	10
うしく	168
うしくぼ	109
うしごめかぐらざか	552
うしごめやなぎちょう	203
うした	313
うしだ	354
うしづ	125
うしのしま	146
うしのはま	146
うしのや	187
うしはま	146
うしぶち	112
うしぶちだんちまえ	123
うしやま	146
うしろがた	313
うじ	335
うじいえ	123
うじやまだ	354
うす	84
うすき	324
うすぎ	341
うすだ	354
うずまさ	247
うずまさこうりゅうじ	335
うずまさてんじんがわ	63
うぜんおおやま	146
うぜんかねざわ	63
うぜんこまつ	125
うぜんぜんなみ	412
うぜんたかまつ	125
うぜんちとせ	104
うぜんつばき	324
うぜんとよさと	241
うぜんなかやま	146
うぜんながさき	324
うぜんなりた	313
うぜんぬまざわ	63
うぜんまつおか	552
うぜんみずさわ	63
うぜんやまべ	11
うたごう	203
うたつ	125
うたづ	125
うたない	479
うたの	60
うちうみ	412
うちがまき	324
うちこ	260
うちごう	203
うちごし	281
うちさいわいちょう	203
うちじゅく	168
うちた	313
うちだ	354
うちで	63
うちな	271
うちなだ	354
うちの	60
うちのだ	354
うちのにしがおか	552
うちのまき	324
うちはら	10
うちやま	146
うっでぃたうんちゅうおう	203
うついがわ	63
うつつがわ	63
うつのみや	187
うつのみやかもつたーみなる	2
うつぶな	271
うつべ	11
うつぼ	109
うつみ	412
うづい	479
うと	241
うとう	203
うとま	146
うどの	60
うなづき	324
うなづきおんせん	0
うぬま	146
うぬまじゅく	168
うね	16
うねの	60
うねび	436
うねびごりょうまえ	123
うの	60
うのき	324
うのけ	69
うのしま	146
うのすまい	479
うのべ	11
うのまち	112
うばこ	260
うばしま	146
うばどう	203
うばら	10
うべ	11
うべしんかわ	63
うべみさき	324
うまたて	51
うまほり	54
うまみち	112
うみ	412
うみしばうら	10
うみじり	54
うみのうら	10
うみのおうむかえ	123
うみのくち	112
うみのこうえんしばぐち	112
うみのこうえんみなみぐち	112
うみのなかみち	112
うめがおか	552
うめがさわ	63
うめがだに	319
うめがとう	203
うめさと	241
うめざこ	260
うめじま	146
うめだ	354
うめつぼ	109
うめどい	479
うめのもと	241
うめばやし	281
うめやしき	324
うめやま	146
うやがわ	63
うらうす	84
うらかみ	412
うらかわ	63
うらが	575
うらさ	247
うらしゅく	168
うらた	313
うらだ	354
うらのさき	324
うらほろ	22
うらもと	241
うらやす	84
うらやま	146
うらやまぐち	112
うらわ	63
うらわみその	60
うりづら	10
うるしやま	146
うわごろも	81
うわじま	146
うんが	575
うんしゅうひらた	313
うんせんじ	335
うんどうこうえん	0
うんどうこうえんまえ	123
えい	479
えいおおかわ	63
えいがしま	146
えいのまる	2
えいふくちょう	203
えいへいじぐち	112
えいわ	63
えかく	168
えかわさき	324
えがのしょう	203
えきや	187
えぎ	341
えぎら	10
えぐち	112
えこだ	354
えさか	552
えさき	324
えじま	146
えすみ	412
えそじま	146
えだ	354
えだがわ	63
えだみつ	125
えちがわ	63
えちごあかつか	552
えちごいしやま	146
えちごいわさわ	63
えちごいわつか	552
えちごおおしま	146
えちごかたかい	479
えちごかなまる	2
えちごかわぐち	112
えちごかんがわ	63
えちごしかわたり	54
えちごしもせき	324
えちごすはら	10
えちごそね	16
えちごたきや	187
えちごたざわ	63
えちごたなか	552
えちごなかざと	241
えちごはやかわ	63
えちごひろせ	104
えちごひろた	313
えちごほりのうち	112
えちごみずさわ	63
えちごゆざわ	63
えちぜんおおの	60
えちぜんおおみや	187
えちぜんかいほつ	125
えちぜんしまばし	281
えちぜんしもやま	146
えちぜんしんぼ	109
えちぜんたかだ	354
えちぜんたけはら	10
えちぜんたけふ	184
えちぜんたの	60
えちぜんとうごう	203
えちぜんとみだ	354
えちぜんのなか	552
えちぜんはなんどう	203
えちぜんやくし	281
えっちゅういずみ	412
えっちゅうえばら	10
えっちゅうこくぶ	210
えっちゅうさんごう	203
えっちゅうじま	146
えっちゅうじまかもつ	125
えっちゅうだいもん	0
えっちゅうなかがわ	63
えっちゅうなかじま	146
えっちゅうなかむら	10
えっちゅうふなはし	281
えっちゅうみやざき	324
えっちゅうやつお	459
えっちゅうやまだ	354
えづりこ	260
えどがわ	63
えどがわだい	479
えどがわばし	281
えどばし	281
えな	271
えない	479
えにわ	63
えのうら	10
えのきど	266
えのきまち	112
えのしま	146
えばた	313
えばら	10
えばらなかのぶ	210
えばらまち	112
えび	436
えびえ	123
えびしま	146
えびす	84
えびすちょう	203
えびつ	125
えびな	271
えびのいいの	60
えびのうわえ	123
えふえ	123
えべおつ	125
えべつ	125
えみ	412
えむかえしかまち	112
えら	10
えりのの	60
えんがる	2
えんぎょうじぐち	112
えんざ	253
えんざん	0
えんしゅうがんすいじ	335
えんしゅうこばやし	281
えんしゅうこまつ	125
えんしゅうしばもと	241
えんしゅうにしがさき	324
えんしゅうびょういん	0
えんしゅうもり	54
えんでん	0
えんとく	168
えんどう	203
えんまち	112
おいかわ	63
おいけゆうえん	0
おいたま	146
おいつ	125
おいらせ	104
おいわけ	69
おいわけぐち	112
おうか	552
おうぎおおはし	281
おうぎざわ	63
おうぎた	313
おうぎまち	112
おうしお	459
おうじ	335
おうじえきまえ	123
おうじかみや	187
おうじこうえん	0
おうじやま	146
おうだ	354
おうち	112
おうのやまこうえん	0
おうばく	168
おうみ	412
おうみいまづ	125
おうみがわ	63
おうみしおつ	125
おうみじんぐうまえ	123
おうみたかしま	146
おうみなかしょう	203
おうみながおか	552
おうみはちまん	0
おうみまいこ	260
おうめ	27
おうめかいどう	203
おえ	123
おえづか	552
おおあさ	247
おおあそう	203
おおあだ	354
おおあみ	412
おおあらい	479
おおいけ	69
おおいけいこいのもり	54
おおいけいばじょうまえ	123
おおいし	281
おおいしだ	354
おおいずみ	412
おおいずみがくえん	0
おおいそ	35
おおいた	313
おおいたい	479
おおいただいがくまえ	123
おおいち	112
おおいまち	112
おおいわ	63
おおうち	112
おおうちやま	146
おおうら	10
おおえ	123
おおえこうこうまえ	123
おおえばし	281
おおえやまぐちないく	168
おおおか	552
おおおかやま	146
おおかま	146
おおかりべ	11
おおかわ	63
おおかわだい	479
おおかわだむこうえん	0
おおかわち	112
おおかわの	60
おおかわら	10
おおが	575
おおがき	324
おおがた	313
おおがね	16
おおがわら	10
おおき	324
おおきし	281
おおぎ	341
おおくき	324
おおくさ	247
おおくさやま	146
おおくぼ	109
おおくま	146
おおくらだに	319
おおくらやま	146
おおくわ	63
おおぐち	112
おおご	314
おおごえ	123
おおさか	552
おおさかあべのばし	281
おおさかうえほんまち	112
おおさかかもつたーみなる	2
おおさかきょういくだいまえ	123
おおさかくうこう	203
おおさかこう	203
おおさかさやまし	281
おおさかじょうきたづめ	27
おおさかじょうこうえん	0
おおさかてんまんぐう	203
おおさかなんば	258
おおさかびじねすぱーく	168
おおさかやしょっぷまえ）	0
おおさき	324
おおさきひろこうじ	335
おおさくら	10
おおさと	241
おおさわ	63
おおざい	479
おおざわない	479
おおしお	459
おおしのづちょう	203
おおしま	146
おおしみず	86
おおしょう	203
おおしらかわ	63
おおじま	146
おおじゃ	187
おおすかんのん	0
おおすぎ	341
おおすみ	412
おおすみおおかわら	10
おおすみなつい	479
おおすみよこがわ	63
おおぜき	324
おおそねうら	10
おおぞね	16
おおぞれ	4
おおた	313
おおたがわ	63
おおたき	324
おおたきおんせん	0
おおたぎり	54
おおたぐち	112
おおたけ	69
おおたごう	203
おおたに	319
おおたべ	11
おおだい	479
おおだか	552
おおだし	281
おおだて	51
おおだら	10
おおつ	125
おおつか	552
おおつかえきまえ	123
おおつか・ていきょうだいがく	168
おおつき	324
おおつきょう	203
おおつこう	203
おおつち	112
おおつまち	112
おおつる	2
おおづか	552
おおてまち	112
おおてら	10
おおと	241
おおとし	281
おおとば	258
おおとり	54
おおとりい	479
おおどうつ	125
おおどおり	54
おおどせ	104
おおどまり	54
おおどみ	412
おおどろ	22
おおなか	552
おおなかやま	146
おおにし	281
おおにわ	63
おおぬき	324
おおぬま	146
おおぬまこうえん	0
おおの	60
おおのうら	10
おおのごう	203
おおのしも	81
おおのじょう	203
おおのだい	479
おおのはら	10
おおのまち	112
おおのり	54
おおはし	281
おおはら	10
おおばたけ	69
おおばねえん	0
おおばら	10
おおばりの	60
おおひと	241
おおひらした	313
おおひらだい	479
おおひろた	313
おおふな	271
おおふなと	241
おおふなとうおいちばまえ	123
おおぶ	210
おおぶくろ	22
おおぶけ	69
おおほ	106
おおほり	54
おおほりこうえん	0
おおぼけ	69
おおま	146
おおまえ	123
おおまがり	54
おおまごし	281
おおまち	112
おおまちにしこうえん	0
おおまま	146
おおみ	412
おおみか	552
おおみさき	324
おおみぞ	39
おおみつ	125
おおみなと	241
おおみや	187
おおみやこうえん	0
おおむた	313
おおむら	10
おおもと	241
おおもり	54
おおもりかいがん	0
おおもりだい	479
おおもりまち	112
おおもり・きんじょうがくいんまえ	123
おおや	187
おおやかいがん	0
おおやち	112
おおやぶ	210
おおやま	146
おおやまけーぶる	2
おおやまざき	324
おおやまでら	10
おおわくだに	319
おおわだ	354
おおわに	319
おおわにおんせん	0
おか	552
おかざき	324
おかざきこうえんまえ	123
おかざきまえ	123
おかしない	479
おかじ	335
おかだ	354
おかだうら	10
おかちまち	112
おかでら	10
おかどめこうふく	168
おかば	258
おかばな	271
おかべ	11
おかまち	112
おかみ	412
おかもと	241
おかや	187
おかやま	146
おかやまえきまえ	123
おかやまかもつたーみなる	2
おが	575
おがきえ	123
おがせ	104
おがた	313
おがわ	63
おがわごう	203
おがわまち	112
おきつ	125
おきなしま	146
おきまつしま	146
おぎ	341
おぎかわ	63
おぎくぼ	109
おぎつ	125
おぎの	60
おぎのじょう	203
おぎふし	281
おぎゅう	203
おく	168
おくあに	319
おくいずみ	412
おくおおいこじょう	203
おくさわ	63
おくたま	146
おくだ	354
おくだちゅうがっこうまえ	123
おくちょう	203
おくつがるいまべつ	125
おくどうかい	479
おくない	479
おくなかやまこうげん	0
おくにっかわ	63
おくのやはま	146
おくはまなこ	260
おぐしごう	203
おぐに	319
おぐら	10
おぐらだい	479
おけがわ	63
おこば	258
おこばた	313
おごおり	54
おごせ	104
おごそ	35
おごとおんせん	0
おさ	247
おさかべ	11
おさしま	146
おさつ	125
おさつない	479
おさふね	16
おさべ	11
おさむない	479
おざき	324
おざく	168
おしあげ	79
おしおえ	123
おしきり	54
おしの	60
おしべだに	319
おしま	146
おしまさわら	10
おしまとうべつ	125
おしまぬまじり	54
おしみ	412
おしゃまんべ	11
おしろない	479
おじかこうげん	0
おじまや	187
おぜきやま	146
おそきない	479
おたい	479
おたのしけ	69
おたばやし	281
おたる	2
おたるちっこう	203
おだ	354
おだいばかいひんこうえん	0
おだか	552
おだきゅうさがみはら	10
おだきゅうたませんたー	313
おだきゅうながやま	146
おださかえ	123
おだぶち	112
おだわら	10
おちあい	479
おちあいがわ	63
おちあいみなみながさき	324
おちい	479
おちいし	281
おちゃのみず	86
おぢや	187
おっかわ	63
おっとも	81
おっぱま	146
おづき	324
おといねっぷ	184
おとうばし	281
おとがわ	63
おとこやまさんじょう	203
おとざわ	63
おとしべ	11
おとばる	2
おとまる	2
おとめ	27
おとめざか	552
おとも	81
おとわちょう	203
おどりば	258
おな	271
おながわ	63
おなはま	146
おなりもん	0
おにがせ	104
おにごえ	123
おにづか	552
おぬか	552
おの	60
おのえこうこうまえ	123
おのえのまつ	125
おのがみ	412
おのがみおんせん	0
おのだ	354
おのだこう	203
おのっぷない	479
おのにいまち	112
おのほんまち	112
おのぼり	54
おのまち	112
おのみち	112
おのや	187
おはなぢゃや	187
おはなばたけ	69
おばすて	51
おばせにしこうだいまえ	123
おばた	313
おばたりょくち	112
おばま	146
おばやし	281
おばら	10
おび	436
おびおり	54
おびつ	125
おびとけ	69
おびひろ	22
おびひろかもつ	125
おふく	168
おぶすま	146
おぶせ	104
おぼろ	22
おまえだ	354
おまた	313
おみがわ	63
おむらい	479
おむらじんじゃまえ	123
おむろにんなじ	335
おもいがわ	63
おもしろやまこうげん	0
おもてさんどう	203
おもり	54
おやしらず	86
おやなぎ	341
おやはな	271
おやま	146
おやまだ	354
おやまだい	479
おゆみの	60
おりい	479
おりお	459
おりかさ	247
おりかべ	11
おりぐち	112
おりたて	51
おりたてぐち	112
おりはら	10
おりべ	11
おりもと	241
おりゅうざこ	260
おりわたり	54
おろく	168
おろしまち	112
おわせ	104
おわだ	354
おわりあさひ	398
おわりいちのみや	187
おわりせと	241
おわりほしのみや	187
おわりもりおか	552
おわりよこすか	552
おんががわ	63
おんがの	60
おんじゅく	168
おんたけさん	0
おんだ	354
おんぢ	0
おんねない	479
おんばら	10
おんべつ	125
かいいわま	146
かいうえの	60
かいおうまる	2
かいおおいずみ	412
かいおおしま	146
かいがんじ	335
かいこいずみ	412
かいこのやしろ	22
かいざき	324
かいじ	335
かいじん	0
かいすみよし	281
かいせい	479
かいぜ	116
かいたいち	112
かいだ	354
かいづ	125
かいづか	552
かいづかしやくしょまえ	123
かいときわ	63
かいな	271
かいなん	0
かいばら	10
かいひんまくはり	54
かいふ	184
かいほつ	125
かいめい	479
かいもん	0
かいやまと	241
かいらくえん	0
かえさ	247
かかみがはらしやくしょまえ	123
かかりま	146
かがおんせん	0
かがかさま	146
かがつめ	27
かがと	241
かがみ	412
かがみいし	281
かがみがはら	10
かがわ	63
かきお	459
かきがしま	146
かきざき	324
かきしたおんせんぐち	112
かきだいら	10
かく	168
かくおうざん	0
かくだ	354
かくのだて	51
かくもだに	319
かぐやま	146
かぐらおか	552
かぐらざか	552
かけがわ	63
かけがわしやくしょまえ	123
かけやま	146
かげつえんまえ	123
かげの	60
かげもり	54
かこがわ	63
かごしま	146
かごしまかもつたーみなる	2
かごしまちゅうおう	203
かごはら	10
かさい	479
かさいりんかいこうえん	0
かさおか	552
かさがみくろはえ	123
かさぎ	341
かさしほ	106
かさしま	146
かさでら	10
かさど	266
かさぬい	479
かさはた	313
かさま	146
かさまつ	125
かざしがおか	552
かざはや	187
かざまつり	54
かしい	479
かしいかえんまえ	123
かしいじんぐう	203
かしいみやまえ	123
かしこじま	146
かしはらじんぐうにしぐち	112
かしはらじんぐうまえ	123
かしば	258
かしま	146
かしまあさひ	398
かしまおおの	60
かしまさっかーすたじあむ	76
かしまじんぐう	203
かしまだ	354
かしまだい	479
かしまなだ	354
かしやま	146
かしわ	63
かしわぎだいら	10
かしわざき	324
かしわたなか	552
かしわだい	479
かしわのはきゃんぱす	84
かしわばら	10
かしわもり	54
かしわら	10
かしわらみなみぐち	112
かじ	335
かじかざわぐち	112
かじがや	187
かじがやかもつたーみなる	2
かじき	324
かじくりごうだいち	112
かじた	313
かじやしき	324
かすかべ	11
かすかわ	63
かすが	575
かすがい	479
かすがいちょう	203
かすががわ	63
かすがちょう	203
かすがのみち	112
かすがばる	2
かすがやま	146
かすぶち	112
かすみ	412
かすみがうら	10
かすみがおか	552
かすみがせき	324
かすもり	54
かずさあずま	146
かずさいちのみや	187
かずさうしく	168
かずさおおくぼ	109
かずさおきつ	125
かずさかめやま	146
かずさかわま	146
かずさきよかわ	63
かずさくぼ	109
かずさつるまい	479
かずさなかがわ	63
かずさなかの	60
かずさまつおか	552
かずさみつまた	313
かずさみなと	241
かずさむらかみ	412
かずさやまだ	354
かせ	104
かせい	479
かせだ	354
かそせ	104
かぞ	39
かた	313
かたおか	552
かたかい	479
かたくら	10
かたくらちょう	203
かたしも	81
かたせえのしま	146
かたせしらた	313
かたせやま	146
かたた	313
かたの	60
かたのし	281
かたはま	146
かたはら	10
かたはらまち	112
かたびらのつじ	335
かたまち	112
かたもと	241
かだ	354
かちがわ	63
かちどき	324
かっせんば	258
かつうら	10
かつた	313
かつただい	479
かつぬまぶどうきょう	203
かつの	60
かつま	146
かつまだ	354
かつやま	146
かつら	10
かつらがわ	63
かつらせ	104
かつらだい	479
かつらね	16
かづのはなわ	63
かづま	146
かと	241
かとり	54
かど	266
かどがわ	63
かどさわばし	281
かどしま	146
かどのはま	146
かどはら	10
かどまし	281
かどまつ	125
かどまみなみ	412
かないしはら	10
かなえ	123
かながわ	63
かながわしんまち	112
かなぎ	341
かなさし	281
かなざわ	63
かなざわかもつたーみなる	2
かなざわはっけい	479
かなざわぶんこ	260
かなしま	146
かなたけ	69
かなだ	354
かなづか	552
かなはし	281
かなまち	112
かなめた	313
かなめちょう	203
かなや	187
かなやがわ	63
かなやさわ	63
かなやま	146
かに	319
かにえ	123
かにがわ	63
かにた	313
かぬま	146
かねあげ	79
かねがさき	324
かねがふち	112
かねこ	260
かねしま	146
かねつり	54
かねはま	146
かねまる	2
かねんて	51
かのう	203
かのせ	104
かのはら	10
かのまた	313
かばいけ	69
かばたけ	69
かふり	54
かぶと	241
かぶとぬま	146
かぶとやま	146
かべ	11
かまいし	281
かまがふち	112
かまがや	187
かまがやだいぶつ	125
かまくら	10
かまくらこうこうまえ	123
かますさか	552
かませ	104
かまた	313
かまち	112
かまて	51
かまとり	54
かまど	266
かまのはな	271
かまぶち	112
かまや	187
かまやま	146
かみ	412
かみあいのうら	10
かみあしべつ	125
かみあそう	203
かみありす	84
かみありた	313
かみいいじま	146
かみいいだ	354
かみいぐさ	247
かみいじゅういん	0
かみいずみ	412
かみいそ	35
かみいた	313
かみいたばし	281
かみいち	112
かみいちば	258
かみいまい	479
かみいまいち	112
かみいまり	54
かみいわみ	412
かみうすき	324
かみうら	10
かみうわ	63
かみお	459
かみおおい	479
かみおおおか	552
かみおおつき	324
かみおか	552
かみおがわ	63
かみおたい	479
かみおぼろ	22
かみかがわ	63
かみかたぎり	54
かみかつら	10
かみかなだ	354
かみかわ	63
かみかわぐち	112
かみかわたち	112
かみかんばい	479
かみきたざわ	63
かみきただい	479
かみきたちょう	203
かみくまがや	187
かみくまもと	241
かみくまもとえきまえ	123
かみくわながわ	63
かみこさわ	63
かみこま	146
かみごう	203
かみごうら	10
かみごおり	54
かみさかい	479
かみさかえまち	112
かみさわ	63
かみししおり	54
かみしゃくじい	479
かみしろ	22
かみしんじょう	203
かみじま	146
かみじょう	203
かみす	84
かみすがや	187
かみすぎ	341
かみすげ	79
かみすわ	63
かみせんだい	479
かみたのうら	10
かみだき	324
かみとで	63
かみとばぐち	112
かみとよた	313
かみなか	552
かみなかざと	241
かみながとろ	22
かみながや	187
かみのげ	79
かみのごう	203
かみのしょう	203
かみのじり	54
かみのたいし	281
かみのちょう	203
かみのっぽろ	22
かみのべ	11
かみのま	146
かみのめ	27
かみのやまおんせん	0
かみはま	146
かみひのきない	479
かみふかわ	63
かみふくおか	552
かみふただ	354
かみふらの	60
かみほしかわ	63
かみほなみ	412
かみほばら	10
かみほり	54
かみほろのべ	11
かみほろむい	479
かみほんごう	203
かみまえづ	125
かみまち	112
かみまつかわ	63
かみまるぶち	112
かみまんば	258
かみみお	459
かみみぞ	39
かみみた	313
かみみよりしおばらおんせんぐち	112
かみむらがくえんまえ	123
かみもく	168
かみもりおか	552
かみもろえ	123
かみや	187
かみやぎ	341
かみやくの	60
かみやしろ	22
かみやす	84
かみやちょう	203
かみやま	146
かみやまぐち	112
かみゆざわ	63
かみよこすか	552
かみよない	479
かみわくや	187
かむりき	324
かむろ	22
かめあり	54
かめい	479
かめいど	266
かめいどすいじん	0
かめおか	552
かめがわ	63
かめざき	324
かめじま	146
かめだ	354
かめだけ	69
かめのこう	203
かめやま	146
かも	81
かもい	479
かもがた	313
かもがわ	63
かもごう	203
かもじま	146
かもなか	552
かもの	60
かものみや	187
かやくさ	247
かやしま	146
かやぬま	146
かやばちょう	203
かやま	146
かやまち	112
からかさ	247
からかわ	63
からきだ	354
からさき	324
からすえ	123
からすま	146
からすまおいけ	69
からすやま	146
からつ	125
からとだい	479
からはしまえ	123
かりう	203
かりかわ	63
かりばさわ	63
かりや	187
かりやし	281
かりやすか	552
かりわ	63
かりわの	60
かるいざわ	63
かるが	575
かるがはま	146
かるも	81
かれいがわ	63
かわい	479
かわいたかおか	552
かわいにし	281
かわうち	112
かわかど	266
かわぎし	281
かわくら	10
かわぐち	112
かわぐちこ	260
かわぐちもとごう	203
かわけ	69
かわげ	79
かわげた	313
かわごえ	123
かわごえし	281
かわごえとみすはら	10
かわさ	247
かわさき	324
かわさきかもつ	125
かわさきぐち	112
かわさきしんまち	112
かわさきだいし	281
かわしま	146
かわしり	54
かわじ	335
かわじおんせん	0
かわじゆもと	241
かわせ	104
かわぞえ	123
かわた	313
かわたな	271
かわたなおんせん	0
かわたびおんせん	0
かわちあまみ	412
かわちいわふね	16
かわちえいわ	63
かわちかたかみ	412
かわちこくぶ	210
かわちこさか	552
かわちながの	60
かわちはなぞの	60
かわちまつばら	10
かわちもり	54
かわちやまもと	241
かわづ	125
かわと	241
かわど	266
かわな	271
かわなかじま	146
かわにし	281
かわにしいけだ	354
かわにしのせぐち	112
かわねおんせんささまど	266
かわねこやま	146
かわねりょうごく	168
かわの	60
かわのえ	123
かわはら	10
かわばた	313
かわひがし	281
かわひら	10
かわべ	11
かわべおき	324
かわべじゅく	168
かわべのもり	54
かわま	146
かわまえ	123
かわまた	313
かわみなみ	412
かわみや	187
かわむら	10
かわやま	146
かわゆおんせん	0
かわら	10
かわらいし	281
かわらがはま	146
かわらぐちみはぎの	60
かわらだ	354
かわらまち	112
かわらゆおんせん	0
かわわちょう	203
かんおんじ	335
かんかんざか	552
かんげつきょう	203
かんさいくうこう	203
かんざき	324
かんざきがわ	63
かんじょうどおりひがし	281
かんぞう	203
かんたくのさと	241
かんだ	354
かんだいまえ	123
かんだこう	203
かんだつ	125
かんない	479
かんなべ	11
かんなみ	412
かんの	60
かんのうら	10
かんのん	0
かんのんじ	335
かんのんまち	112
かんばら	10
かんべ	11
かんまき	324
かんまた	313
かんもんかいきょうめかり	54
かんゆうしゃひこさん	0
かんろじまえ	123
がいえんまえ	123
がく	168
がくえんとし	281
がくえんどおり	54
がくえんまえ	123
がくげいだいがく	168
がくでん	0
がくなんえのお	459
がくなんはらだ	354
がくなんふじおか	552
がくもん	0
がっけんきたいこま	146
がっけんならとみがおか	552
がっこうまえ	123
がつぎ	341
がまごおり	54
がまごおりきょうていじょうまえ	123
がもう	203
がもうよんちょうめ	27
がんすいじ	335
がんだ	354
がんのす	84
がーらゆざわ	63
きい	479
きいありた	313
きいいだ	354
きいいちぎ	341
きいうちはら	10
きいうらがみ	412
きいおぐら	10
きいかつうら	10
きいかみや	187
きいごぼう	203
きいさの	60
きいしみず	86
きいしんじょう	203
きいたなべ	11
きいたはら	10
きいてんま	146
きいとんだ	354
きいなかのしま	146
きいながしま	146
きいながた	313
きいひき	324
きいひめ	27
きいほそかわ	63
きいみやはら	10
きいやまだ	354
きいゆら	10
きいれ	4
きおろし	281
きが	575
きき	324
ききつ	125
ききょう	203
ききょうがおか	552
きくかわ	63
きくがおか	552
きくがわ	63
きくすい	479
きくすいやま	146
きくた	313
きくな	271
きくま	146
きこない	479
きさ	247
きさいち	112
きさかた	313
きさらづ	125
きざき	324
きし	281
きしねこうえん	0
きしのさと	241
きしのさとたまで	63
きしべ	11
きしもと	241
きしわだ	354
きすき	324
きせきのいっぽんまつ	125
きそがわ	63
きそがわづつみ	412
きそひらさわ	63
きそふくしま	146
きた	313
きたあかばね	16
きたあげお	459
きたあさか	552
きたあさひかわ	63
きたあまるめ	27
きたあやせ	104
きたあらい	479
きたあんじょう	203
きたいいやま	146
きたいけの	60
きたいけぶくろ	22
きたいたみ	412
きたいちやん	0
きたいよ	106
きたうち	112
きたうら	10
きたうらこはん	0
きたうらわ	63
きたうわじま	146
きたおおいしだ	354
きたおおがき	324
きたおおじ	335
きたおおの	60
きたおおまがり	54
きたおおまち	112
きたおおみや	187
きたおかざき	324
きたおたり	54
きたかがや	187
きたかしわ	63
きたかすかべ	11
きたかた	313
きたかなおか	552
きたかぬま	146
きたかねがさわ	63
きたかまくら	10
きたかみ	412
きたがた	313
きたがたまくわ	63
きたがわ	63
きたがわち	112
きたきゅうしゅうかもつたーみなる	2
きたくす	84
きたくまもと	241
きたくめ	27
きたくりはま	146
きたけんぶち	112
きたこうのす	84
きたこがね	16
きたこくぶん	0
きたこしがや	187
きたこまつ	125
きたご	314
きたごう	203
きたごうち	112
きたごうど	266
きたごせん	0
きたさかど	266
きたさせぼ	109
きたさばえ	123
きたさんじゅうよじょう	203
きたさんじょう	203
きたさんどう	203
きたしながわ	63
きたしのだ	354
きたしらかわ	63
きたしんかわ	63
きたしんち	112
きたしんよこはま	146
きたじゅうさんじょうひがし	281
きたじゅうにじょう	203
きたじゅうはちじょう	203
きたじょう	203
きたすけまつ	125
きたすざか	552
きたすずらんだい	479
きたせんじゅ	61
きたせんぞく	168
きたせんだい	479
きたせんり	54
きたそで	63
きたたかいわ	63
きたたかさき	324
きたたつみ	412
きたたなべ	11
きたちがさき	324
きたちっぷべつ	125
きたちょう	203
きたときわ	63
きたとだ	354
きたとの	60
きたなかごみ	412
きたながおか	552
きたながせ	104
きたながの	60
きたながのだ	354
きたながやま	146
きたなだ	354
きたならしの	60
きたにい・まつもとだいがくまえ	123
きたにじゅうよじょう	203
きたぬま	146
きたの	60
きたのしろ	22
きたのだ	354
きたのはくばいちょう	203
きたのへじ	335
きたのべおか	552
きたのますづか	552
きたはちおうじ	335
きたはつとみ	412
きたはなだ	354
きたはま	146
きたはら	10
きたひがしぐち	112
きたひので	63
きたひろしま	146
きたびえい	479
きたぴっぷ	184
きたふじおか	552
きたふちゅう	203
きたふとう	203
きたふなおか	552
きたほその	60
きたほりのうち	112
きたま	146
きたまた	313
きたまつど	266
きたまつもと	241
きたまるもり	54
きたみ	412
きたみつかいどう	203
きたもおか	552
きたもと	241
きたもり	54
きたやま	146
きたやまがた	313
きたやまた	313
きたやまだ	354
きたよしだ	354
きたよしはら	10
きたよの	60
きたよばんちょう	203
きだ	354
きちじょうじ	335
きつき	324
きつねがさき	324
きづ	125
きづがわ	63
きづがわだい	479
きづくり	54
きど	266
きどなんぞういんまえ	123
きなし	281
きぬがさ	247
きぬがわおんせん	0
きぬがわこうえん	0
きぬのべばし	281
きぬやま	146
きの	60
きのえ	123
きのえね	16
きのかわ	63
きのさきおんせん	0
きのした	313
きのみや	187
きのもと	241
きのやま	146
きば	258
きばな	271
きびつ	125
きびのまきび	436
きぶかわ	63
きぶねぐち	112
きぼうがおか	552
きぼうがおかこうこうまえ	123
きまち	112
きみ	412
きみいでら	10
きみがはま	146
きみつ	125
きみとうげ	79
きゃらばし	281
きやま	146
きゅうきょりゅうち・だいまるまえ	123
きゅうさんだいまえ	123
きゅうしゅうこうだいまえ	123
きゅうしゅうてつどうきねんかん	0
きゅうじょうまえ	123
きゅうせんどう	203
きゅうだいがっけんとし	281
きゅうほうじ	335
きゅうほうじぐち	112
きゅうらぎ	341
きょういくだいまえ	123
きょうがせ	104
きょうぐち	112
きょうし	281
きょうせらまえ	123
きょうたなべ	11
きょうたんごおおみや	187
きょうていじょうまえ	123
きょうでん	0
きょうと	241
きょうとかもつ	125
きょうとしやくしょまえ	123
きょうとせいかだいまえ	123
きょうどう	203
きょうばし	281
きょうばて	51
きょうまちおんせん	0
きょうわ	63
きよ	106
きよかわ	63
きよかわぐち	112
きよさと	241
きよさとちょう	203
きよしこうじん	0
きよす	84
きよすみしらかわ	63
きよせ	104
きよたき	324
きよたけ	69
きよね	16
きよはた	313
きよみずごじょう	203
きらよしだ	354
きりいし	281
きりきり	54
きりしまおんせん	0
きりしまじんぐう	203
きりどおし	281
きりはら	10
きりめ	27
きりゅう	203
きりゅうきゅうじょうまえ	123
きれ	4
きれうりわり	54
きろはら	10
きわ	63
きわど	266
きんこう	203
きんしちょう	203
きんじょうふとう	203
きんたいちおんせん	0
きんてつかにえ	123
きんてつこおりやま	146
きんてつごせ	104
きんてつしもだ	354
きんてつしんじょう	203
きんてつたんばばし	281
きんてつとみだ	354
きんてつながしま	146
きんてつなごや	187
きんてつなら	10
きんてつにっぽんばし	281
きんてつはった	313
きんてつみやづ	125
きんてつやお	459
きんてつやとみ	412
きんてつよっかいち	112
きんの	60
きんめいじ	335
ぎおん	0
ぎおんしじょう	203
ぎおんしんばしきた	313
ぎじゅくこうこうまえ	123
ぎなん	0
ぎふ	184
ぎふかもつたーみなる	2
ぎふはしま	146
ぎぼ	109
ぎょうだ	354
ぎょうだし	281
ぎょうとく	168
ぎょくけいじまえ	123
ぎんざ	253
ぎんざいっちょうめ	27
ぎんざん	0
ぎんすい	479
くいせ	104
くいなばし	281
くうこうだいにびる	2
くうこうどおり	54
くが	575
くがはら	10
くがやま	146
くき	324
くぐの	60
くぐはら	10
くげた	313
くげぬま	146
くげぬまかいがん	0
くげむら	10
くさえ	123
くさか	552
くさつ	125
くさつみなみ	412
くさなぎ	341
くさの	60
くさみ	412
くさみち	112
くざかい	479
くざき	324
くし	281
くしがはま	146
くしきの	60
くしだ	354
くしま	146
くしもと	241
くしろ	22
くしろかもつ	125
くしろしつげん	0
くしわら	10
くじ	335
くじょう	203
くじらなみ	412
くす	84
くすがわ	63
くすく	168
くすばし	281
くすりみず	86
くず	86
くずう	203
くずおか	552
くずは	239
くずみ	412
くずりゅうこ	260
くせ	104
くたに	319
くたの	60
くだまつ	125
くだらかもつたーみなる	2
くだんした	313
くちば	258
くっちゃん	0
くつかけ	69
くつかわ	63
くて	51
くどやま	146
くなど	266
くにさだ	354
くにじま	146
くにたち	112
くにふさ	247
くにみ	412
くにや	187
くによし	281
くぬぎやま	146
くねべつ	125
くば	258
くばら	10
くびきおおの	60
くほんぶつ	125
くぼかわ	63
くぼた	313
くまがね	16
くまがや	187
くまがやかもつたーみなる	2
くまがわ	63
くまさき	324
くまとり	54
くまにし	281
くまのし	281
くまのじょう	203
くまのまえ	123
くまもと	241
くまもとえきまえ	123
くまもとこうせんまえ	123
くまやま	146
くみはま	146
くむら	10
くめ	27
くめがわ	63
くめだ	354
くもい	479
くもんみょう	203
くらうち	112
くらがの	60
くらくえんぐち	112
くらしき	324
くらしきかもつたーみなる	2
くらしきし	281
くらて	51
くらなが	575
くらはし	281
くらま	146
くらまえ	123
くらまぐち	112
くらみ	412
くらもと	241
くらよし	281
くりおか	552
くりから	10
くりくま	146
くりこまこうげん	0
くりさわ	63
くりの	60
くりはし	281
くりはま	146
くりひら	10
くりやがわ	63
くりやま	146
くるまざきじんじゃ	187
くるまみち	112
くるめ	27
くるめこうこうまえ	123
くるめだいがくまえ	123
くるり	54
くれ	4
くれは	239
くれぽーとぴあ	396
くろい	479
くろいし	281
くろいそ	35
くろいむら	10
くろいわ	63
くろうばる	2
くろえ	123
くろかみまち	112
くろかわ	63
くろご	314
くろごう	203
くろさか	552
くろさき	324
くろさきえきまえ	123
くろさわ	63
くろざさ	247
くろだ	354
くろだしょう	203
くろだはら	10
くろなぎ	341
くろひめ	27
くろべ	11
くろべうなづきおんせん	0
くろべこ	260
くろべだいら	10
くろべだむ	76
くろまつ	125
くろまつない	479
くろやま	146
くわがわ	63
くわな	271
くわながわ	63
くわの	60
くわまち	112
くんだ	354
くんぬい	479
ぐじょう	203
ぐじょうはちまん	0
ぐじょうやまと	241
ぐどう	203
ぐみょう	203
ぐみょうじ	335
ぐんちゅう	203
ぐんちゅうこう	203
ぐんまおおつ	125
ぐんまそうじゃ	187
ぐんまはらまち	112
ぐんまふじおか	552
ぐんまやわた	313
けあげ	79
けいおういなだづつみ	412
けいおうかたくら	10
けいおうたまがわ	63
けいおうたませんたー	313
けいおうながやま	146
けいおうはちおうじ	335
けいおうほりのうち	112
けいおうよみうりらんど	266
けいきゅうおおつ	125
けいきゅうかまた	313
けいきゅうかわさき	324
けいきゅうくりはま	146
けいきゅうしんこやす	84
けいきゅうたうら	10
けいきゅうつるみ	412
けいきゅうとみおか	552
けいきゅうながさわ	63
けいこんぴゅーたまえ	123
けいせいいなげ	79
けいせいうえの	60
けいせいうすい	479
けいせいおおくぼ	109
けいせいおおわだ	354
けいせいかなまち	112
けいせいこいわ	63
けいせいさくら	10
けいせいしすい	479
けいせいせきや	187
けいせいたかさご	314
けいせいたていし	281
けいせいちば	258
けいせいつだぬま	146
けいせいなかやま	146
けいせいなりた	313
けいせいにしふな	271
けいせいひきふね	16
けいせいふなばし	281
けいせいまくはり	54
けいせいまくはりほんごう	203
けいせいやわた	313
けいせん	0
けいはんいしやま	146
けいはんぜぜ	116
けいはんやましな	271
けいばじょうまえ	123
けいよういちはら	10
けいようくぼた	313
けいりんじょうまえ	123
けが	575
けせんぬま	146
けせんぬましりつびょういん	0
けばらいち	112
けみがわ	63
けみがわはま	146
けやきだい	479
けやきだいら	10
けんきゅうがくえん	0
けんそうごううんどうじょう	203
けんちょうまえ	123
けんぶち	112
けんよし	281
けんりつだいがく	168
けんりつびじゅつかんまえ	123
けーぶるえんりゃくじ	335
けーぶるさかもと	241
けーぶるさんじょう	203
けーぶるひえい	479
けーぶるやせ	104
げいだいどおり	54
げいびけい	479
げじょう	203
げっこうじ	335
げば	258
げろ	22
げんじいのもり	54
げんせいかえん	0
げんどうじ	335
げんぶどう	203
こいかわ	63
こいがくぼ	109
こいけ	69
こいしはま	146
こいしろ	22
こいずみ	412
こいずみまち	112
こいで	63
こいやまがた	313
こいわ	63
こいわい	479
こいわがわ	63
こう	203
こういきこうえんまえ	123
こうえん	0
こうえんかみ	412
こうえんしも	81
こうえんじ	335
こうえんにし	281
こうえんひがしぐち	112
こうか	552
こうぎょうだんち	112
こうくうこうえん	0
こうざい	479
こうざき	324
こうざしぶや	187
こうしえん	0
こうしえんぐち	112
こうしやま	146
こうしゅうかいどう	203
こうしゅない	479
こうじまち	112
こうじや	187
こうじろ	22
こうじろまち	112
こうせい	479
こうぜんじ	335
こうそくこうべ	11
こうそくながた	313
こうぞうじ	335
こうたち	112
こうだ	354
こうち	112
こうちうみ	412
こうちしょうぎょうまえ	123
こうつうせんたーまえ	123
こうづ	125
こうづき	324
こうづのもり	54
こうとうえん	0
こうとうだいこうえん	0
こうど	266
こうどほまちがわ	63
こうなん	0
こうなんだい	479
こうなんちゅうおう	203
こうなんやまて	51
こうぬ	21
こうのいけしんでん	0
こうのかわ	63
こうのす	84
こうのだい	479
こうのとりのさと	241
こうのはらえんしん	0
こうのみや	187
こうのやま	146
こうふ	184
こうふうだい	479
こうべ	11
こうべかもつたーみなる	2
こうべくうこう	203
こうべさんのみや	187
こうほく	168
こうま	146
こうみ	412
こうみょういけ	69
こうみょうじ	335
こうめ	27
こうや	187
こうやぐち	112
こうやさん	0
こうやした	313
こうやだい	479
こうようえん	0
こうようだい	479
こうよど	266
こうら	10
こうらくえん	0
こうりえん	0
こうりつびょういんまえ	123
こうろ	22
こうろえん	0
こうわ	63
こうわぐち	112
こおげ	79
こおり	54
こおりもと	241
こおりやま	146
こおりやまかもつたーみなる	2
こおりやまとみた	313
こかわ	63
こが	575
こがね	16
こがねい	479
こがねざわ	63
こがねじょうし	281
こがねちょう	203
こがわら	10
こがんちゃや	187
こきぬ	21
こぎのさと	241
こくさいかいかん	0
こくさいせんたー	313
こくさいてんじじょう	203
こくさいてんじじょうせいもん	0
こくどう	203
こくふ	184
こくふたがじょう	203
こくぶ	210
こくぶんじ	335
こくぼ	109
こくら	10
こくりつきょうぎじょう	203
こくりょう	203
こぐし	281
こぐりやま	146
こぐわ	63
こけなわ	63
ここけい	479
ここのえ	123
こごた	313
こさがわ	63
こさごえ	123
こさの	60
こざ	253
こざかい	479
こざわ	63
こしがはま	146
こしがや	187
こしがやかもつたーみなる	2
こしがやれいくたうん	0
こしごえ	123
こしど	266
こしのかた	313
こしべ	11
こしみず	86
こじま	146
こじましんでん	0
こじょうはま	146
こすぎ	341
こすげ	79
こすごう	203
こずや	187
こたき	324
こたけ	69
こたけむかいはら	10
こだいら	10
こだま	146
こちぼら	10
こっかいぎじどうまえ	123
こっとい	479
こつか	552
こつなぎ	341
こつようすい	479
こづくえ	123
こづるしんでん	0
こてさし	281
こでんまちょう	203
ことう	203
ことしば	258
ことでんことひら	10
ことでんしど	266
ことでんやしま	146
ことに	319
ことひら	10
ことぶき	324
こどものくに	319
こなか	552
こなかの	60
こながい	479
こなし	281
このうら	10
このは	239
こはた	313
こはま	146
こばた	313
こばと	241
こばな	271
こばやし	281
こばり	54
こばんちゃや	187
こび	436
こぶち	112
こぶちざわ	63
こぶなと	241
こべ	11
こほく	168
こぼけ	69
こぼれぐち	112
こぼろ	22
こま	146
こまいこ	260
こまえ	123
こまがた	313
こまがたけ	69
こまがたに	319
こまがね	16
こまがばやし	281
こまがみね	16
こまがわ	63
こまがわなかの	60
こまき	324
こまきぐち	112
こまきはら	10
こまごめ	27
こまざわだいがく	168
こまだ	354
こまち	112
こまちや	187
こまつ	125
こまつかわ	63
こまなき	324
こまの	60
こまばとうだいまえ	123
こみ	412
こみなと	241
こみや	187
こむろ	22
こめの	60
こめのき	324
こめのつ	125
こもと	241
こもの	60
こもりうたのさとたかや	187
こもりえ	123
こもろ	22
こやうら	10
こやす	84
こやだいら	10
こやなぎ	341
こやのせ	104
こやのはた	313
こやま	146
こやまつ	125
こゆうかんしんえき	324
こよし	281
こり	54
これまさ	247
こわきだに	319
こわしょうず	86
こわた	313
こわだ	354
こんこう	203
こんごう	203
こんぞうじ	335
こんの	60
こんば	258
こんぴらまえ	123
こんぶ	210
こんぶもり	54
ごい	479
ごいしかいがんぐち	112
ごいどう	203
ごいの	60
ごうけい	479
ごうさわ	63
ごうし	281
ごうつ	125
ごうつほんまち	112
ごうとくじ	335
ごうど	266
ごうばら	10
ごうびら	10
ごうら	10
ごか	552
ごかしょう	203
ごかん	0
ごきそ	35
ごくらく	168
ごくらくじ	335
ごくらくばし	281
ごこう	203
ごこくじ	335
ごさんねん	0
ごしゃ	187
ごしょがわら	10
ごじょう	203
ごせ	104
ごせん	0
ごたんだ	354
ごたんの	60
ごだい	479
ごち	112
ごちゃく	168
ごてんば	258
ごてんやま	146
ごとう	203
ごのうこうまえ	123
ごのさん	0
ごひゃくがわ	63
ごひゃくらかん	0
ごひゃっこく	168
ごふくまち	112
ごぼう	203
ごま	146
ごめん	0
ごめんまち	112
ごゆ	61
ごりょう	203
ごりょうかく	168
ごろう	203
ごろうまる	2
ごんげんまえ	123
ごんどう	203
さいえき・京福電気鉄道嵐山本線、さいいん	0
さいがた	313
さいがね	16
さいがわ	63
さいき	324
さいくう	203
さいごう	203
さいしゅんそうまえ	123
さいじょう	203
さいたましんとしん	0
さいだいじ	335
さいち	112
さいとざき	324
さいとにし	281
さいどうしょ	106
さいみょうじ	335
さいわい	479
さえきくやくしょまえ	123
さか	552
さかい	479
さかいし	281
さかいすじほんまち	112
さかいだ	354
さかいで	63
さかいひがし	281
さかいまち	112
さかいまつ	125
さかいみなと	241
さかえ	123
さかえちょう	203
さかえまち	112
さかおり	54
さかかみ	412
さかき	324
さかきた	313
さかきばらおんせんぐち	112
さかさい	479
さかした	313
さかせがわ	63
さかた	313
さかたこう	203
さかど	266
さかね	16
さかのいち	112
さかのうえ	123
さかべ	11
さかほぎ	341
さかまち	112
さかもと	241
さかり	54
さかわ	63
さが	575
さがあらしやま	146
さがえ	123
さがこうえん	0
さがみおおつか	552
さがみおおの	60
さがみかねこ	260
さがみかもつ	125
さがみこ	260
さがみぬまた	313
さがみの	60
さがみはら	10
さがらはんがんじょうじ	335
さきだいら	10
さきはな	271
さきもり	54
さきやま	146
さきょうやま	146
さぎぬま	146
さぎのみや	187
さく	168
さくうみのくち	112
さくぎぐち	112
さくさべ	11
さくだいら	10
さくなみ	412
さくひろせ	104
さくま	146
さくら	10
さくらい	479
さくらおか	552
さくらかいどう	203
さくらがおか	552
さくらがわ	63
さくらぎ	341
さくらぎちょう	203
さくらさわ	63
さくらざか	552
さくらざわ	63
さくらしゅくがわ	63
さくらしんまち	112
さくらじま	146
さくらじょうすい	479
さくらだい	479
さくらだもん	0
さくらのみや	187
さくらばし	281
さくらほんまち	112
さくらまち	112
さくらまちまえ	123
さくらみず	86
さくらやま	146
さくらんぼひがしね	16
さこ	260
さこう	203
さこぎ	341
さこし	281
さごし	281
ささがわ	63
ささき	324
ささきの	60
ささぐり	54
ささご	314
ささだいら	10
ささづ	125
ささづか	552
ささはらだ	354
ささばら	10
ささばる	2
ささべ	11
ささや	187
ささやまぐち	112
さざ	253
さしう	203
さしおうぎ	341
さしき	324
さしまき	324
させぼ	109
させぼちゅうおう	203
さだみつ	125
さちうら	10
さっくる	2
さっつる	2
さって	51
さってき	324
さっぴない	479
さっぽろ	22
さっぽろかもつたーみなる	2
さっぽろびーるていえん	0
さつ	125
さつえいしょまえ	123
さつかり	54
さつきだい	479
さつきの	60
さつない	479
さつまいたしき	324
さつまいまいずみ	412
さつまおおかわ	63
さつまかわしり	54
さつましおや	187
さつまたき	324
さつままつもと	241
さと	241
さとしょう	203
さとしらいし	281
さとみ	412
さどおり	54
さどわら	10
さな	271
さなぐ	181
さなげ	79
さぬき	324
さぬきあいおい	479
さぬきさいだ	354
さぬきしおや	187
さぬきしろとり	54
さぬきつだ	354
さぬきふちゅう	203
さぬきまち	112
さぬきむれ	4
さの	60
さのし	281
さののわたし	281
さばいし	281
さばえ	123
さばせ	104
さばね	16
さまに	319
さみぞ	39
さみたがわ	63
さむかわ	63
さむらいはま	146
さめ	27
さめがい	479
さめず	86
さや	187
さやま	146
さやまがおか	552
さやまし	281
さよ	106
さらやま	146
さり	54
さるいわ	63
さるだ	354
さるはし	281
さるわだ	354
さわ	63
さわい	479
さわじり	54
さわだ	354
さわだに	319
さわなかやま	146
さわのちょう	203
さわま	146
さわめ	27
さわら	10
さわらぎ	341
さわんど	266
さんがね	16
さんがもり	54
さんぎょうしんこうせんたー	313
さんぎょうどうろ	22
さんぐうばし	281
さんげんぢゃや	187
さんごう	203
さんさい	479
さんじゅうはっしゃ	187
さんじょう	203
さんじょうけいはん	0
さんぜ	116
さんだ	354
さんだほんまち	112
さんどう	203
さんどーむにし	281
さんのう	203
さんのへ	20
さんのみや	187
さんのみや・はなどけいまえ	123
さんぼんまつ	125
さんぼんまつぐち	112
さんまいばし	281
さんみ	412
さんもん	0
さんようあかし	281
さんようあぼし	281
さんよううおずみ	412
さんようしおや	187
さんようじょしだいまえ	123
さんようすま	146
さんようそね	16
さんようたるみ	412
さんようてんま	146
さんようひめじ	335
さんりぎ	341
さんりく	168
さんろく	168
ざいこうじ	335
ざおう	203
ざおうさんろく	168
ざおうじぞうさんちょう	203
ざっしょのくま	146
ざま	146
しゃくじいこうえん	0
しゃくど	266
しゃくべつ	125
しゃけ	69
しゃだい	479
しやくしょ	106
しやくしょまえ	123
しゅうがくいん	0
しゅうだいふぞくすずがみねまえ	123
しゅうちかさがみ	412
しゅうらくえん	0
しゅくがわ	63
しゅくがわら	10
しゅくのへ	20
しゅぜんじ	335
しゅり	54
しゅんとくみち	112
しょういんじんじゃまえ	123
しょうがわぐち	112
しょうぐんざん	0
しょうこうかいぎしょまえ	123
しょうこうせんたーいりぐち	112
しょうじ	335
しょうじゃく	168
しょうずい	479
しょうてんきょう	203
しょうでん	0
しょうない	479
しょうないどおり	54
しょうないりょくちこうえん	0
しょうなん	0
しょうなんえのしま	146
しょうなんかいがんこうえん	0
しょうなんだい	479
しょうなんふかさわ	63
しょうなんまちや	187
しょうばら	10
しょうまる	2
しょうやま	146
しょうわ	63
しょうわじま	146
しょうわちょう	203
しょうわまち	112
しょばた	313
しょろ	22
しらいかいがん	0
しらいち	112
しらいとだい	479
しらおい	479
しらおか	552
しらかみだけとざんぐち	112
しらかわ	63
しらかわぐち	112
しらき	324
しらきばる	2
しらきやま	146
しらさか	552
しらさぎ	341
しらさわ	63
しらさわけいこく	168
しらたき	324
しらつか	552
しらにわだい	479
しらぬか	552
しらはま	146
しらはまのみや	187
しらやま	146
しりつびょういんまえ	123
しれと	241
しれとこしゃり	54
しろい	479
しろいし	281
しろいしざおう	203
しろうがはら	10
しろうさぎ	341
しろかねたかなわ	63
しろかねだい	479
しろがね	16
しろく	168
しろこ	260
しろした	313
しろとりこうげん	0
しろにし	281
しろまる	2
しろみがおか	552
しわぐち	112
しわち	112
しわちゅうおう	203
しんあいのき	324
しんあおもり	54
しんあきつ	125
しんあさひ	398
しんあさひかわ	63
しんあんじょう	203
しんいいづか	552
しんいしきり	54
しんいせさき	324
しんいたばし	281
しんいたみ	412
しんいち	112
しんいのくち	112
しんいまみや	187
しんいわくに	319
しんうおづ	125
しんうぬま	146
しんうらやす	84
しんうわごろも	81
しんえごた	313
しんおうじ	335
しんおおくぼ	109
しんおおさか	552
しんおおつ	125
しんおおつか	552
しんおおひらした	313
しんおおみや	187
しんおおむた	313
しんおかちまち	112
しんおたのしけ	69
しんおちゃのみず	86
しんおのみち	112
しんかいち	112
しんかしわ	63
しんかなおか	552
しんかなや	187
しんかに	319
しんかぬま	146
しんかのう	203
しんかまがや	187
しんかみ	412
しんかわ	63
しんかわさき	324
しんかわばし	281
しんかわまち	112
しんかんばら	10
しんがい	479
しんがし	281
しんきそがわ	63
しんきば	258
しんきゅうだいがくまえ	123
しんきよす	84
しんきりゅう	203
しんくらしき	324
しんくろべ	11
しんぐう	203
しんぐうちゅうおう	203
しんけみがわ	63
しんげ	79
しんこいわ	63
しんこいわしんごうじょう	203
しんこうえんじ	335
しんこうべ	11
しんこが	575
しんこがねい	479
しんこしがや	187
しんこだいら	10
しんことに	319
しんこやす	84
しんこやのせ	104
しんごう	203
しんさいばし	281
しんさかえまち	112
しんさくらだい	479
しんさっぽろ	22
しんさやま	146
しんさんだ	354
しんざいけ	69
しんしずおか	552
しんしばうら	10
しんしばまた	313
しんしましま	146
しんしみず	86
しんしものせき	324
しんしゅうなかの	60
しんしょう	203
しんしらおか	552
しんしらかわ	63
しんしろ	22
しんじ	335
しんじゅく	168
しんじゅくぎょえんまえ	123
しんじゅくさんちょうめ	27
しんじゅくにしぐち	112
しんじょう	203
しんじょうたなか	552
しんじょはら	10
しんすいぜんじ	335
しんすいぜんじえきまえ	123
しんすぎた	313
しんすや	187
しんずし	281
しんせいびじょう	203
しんせき	324
しんせと	241
しんせん	0
しんせんしんじゅく	168
しんぞうけっかんせんたー	313
しんたかおか	552
しんたかしま	146
しんたかしまだいら	10
しんたかとく	168
しんたなべ	11
しんたまな	271
しんだいた	313
しんち	112
しんちとせくうこう	203
しんちば	258
しんつだぬま	146
しんつるば	258
しんてつどうじょう	203
しんてつろっこう	203
しんでん	0
しんでんばる	2
しんとく	168
しんところざわ	63
しんとす	84
しんとちぎ	341
しんとつかわ	63
しんとみちょう	203
しんとよす	84
しんとよた	313
しんとよつ	125
しんとよはし	281
しんとりで	63
しんどう	203
しんどうひがし	281
しんなか	552
しんなかの	60
しんながた	313
しんならしの	60
しんなんよう	203
しんにしかなざわ	63
しんにしわき	324
しんにってつまえ	123
しんにほんばし	281
しんにゅう	203
しんはくしま	146
しんはこだてほくと	241
しんはしま	146
しんはなまき	324
しんはままつ	125
しんばし	281
しんばる	2
しんばんば	258
しんひきだ	354
しんひらの	60
しんひろ	22
しんふかえ	123
しんふくい	479
しんふくしま	146
しんふじ	335
しんふじわら	10
しんふなばし	281
しんぷ	184
しんほうその	60
しんほこた	313
しんまいこ	260
しんまえばし	281
しんまち	112
しんまちぐち	112
しんまつだ	354
しんまつど	266
しんまるこ	260
しんみかわしま	146
しんみさと	241
しんみなまた	313
しんみやかわ	63
しんめい	479
しんもばら	10
しんもりふるいち	112
しんもりや	187
しんもりやま	146
しんやつしろ	22
しんやはしら	10
しんやまぐち	112
しんゆうばり	54
しんゆりがおか	552
しんようかいち	112
しんよこはま	146
しんよしの	60
しんりふ	184
しんりんこうえん	0
じゃとこまえ	123
じゅうおう	203
じゅうくじょう	203
じゅうじょう	203
じゅうそう	203
じゅうにかね	16
じゅうにきょう	203
じゅうにこ	260
じゅうにしょ	106
じゅうもんじ	335
じゅひょうこうげん	0
じゆうがおか	552
じょうえい	479
じょうえつこくさいすきーじょうまえ	123
じょうえつみょうこう	203
じょうがさきかいがん	0
じょうがわら	10
じょうげ	79
じょうげはま	146
じょうこ	260
じょうこうじ	335
じょうしゅういちのみや	187
じょうしゅうとみおか	552
じょうしゅうなのかいち	112
じょうしゅうにいや	187
じょうしゅうふくしま	146
じょうしん	0
じょうすい	479
じょうとう	203
じょうの	60
じょうはな	271
じょうほく	168
じょうもうこうげん	0
じょうよう	203
じょうろ	22
じょしだい	479
じろうまる	2
じろえんばし	281
じんあいぐらんどまえ	123
じんあいじょしこうこう	203
じんぐうじ	335
じんぐうにし	281
じんぐうまえ	123
じんぐうまるたまち	112
じんだい	479
じんのはる	2
じんば	258
じんぼうちょう	203
じんぼはら	10
じんまち	112
じんむじ	335
じんやまち	112
じんやまちりんこう	203
じんりょう	203
すいごう	203
すいぜんじ	335
すいた	313
すいてんぐうまえ	123
すいどうばし	281
すいばら	10
すえ	123
すえちゅうおう	203
すえつぎ	341
すえつね	16
すえのはら	10
すえひろ	22
すえひろちょう	203
すおうくぼ	109
すおうさやま	146
すおうしもごう	203
すおうたかもり	54
すおうはなおか	552
すか	552
すかがわ	63
すかぐち	112
すがお	459
すがの	60
すがも	81
すがや	187
すぎかわち	112
すぎさき	324
すぎた	313
すぎとたかのだい	479
すぎはら	10
すぎもとちょう	203
すぎやま	146
すくも	81
すけのぶ	210
すご	314
すさ	247
すさき	324
すさみ	412
すざか	552
すざき	324
すずか	552
すずかけだい	479
すずかさーきっといのう	203
すずかし	281
すずきちょう	203
すずめだ	354
すずめのみや	187
すずらんだい	479
すずらんだいにしぐち	112
すずらんのさと	241
すせんじ	335
すその	60
すだ	354
すど	266
すながわ	63
すながわななばん	0
すなだばし	281
すなみ	412
すはら	10
すふ	184
すぽーつこうえん	0
すま	146
すまうらこうえん	0
すまかいひんこうえん	0
すまでら	10
すみかわ	63
すみぞめ	27
すみだがわ	63
すみのえ	123
すみのえこうえん	0
すみのどう	203
すみよし	281
すみよしたいしゃ	187
すみよしちょう	203
すみよしひがし	281
すや	187
すりさわ	63
するがおやま	146
するがとくやま	146
すわ	63
すわちょう	203
すわのたいら	10
すわのもり	54
すんざ	253
ずいこうよんちょうめ	27
ずし	281
せいあいちゅうこうまえ	123
せいかんとんねるきねんかん	0
せいしょうかもつ	125
せいしんちゅうおう	203
せいしんみなみ	412
せいじょうがくえんまえ	123
せいせきさくらがおか	552
せいはま	146
せいびじょう	203
せいぶえん	0
せいぶきゅうじょうまえ	123
せいぶしんじゅく	168
せいぶたちかわ	63
せいぶちちぶ	210
せいぶやぎさわ	63
せいぶゆうえんち	112
せいほうこうこうまえ	123
せいめい	479
せいりゅうしんいわくに	319
せき	324
せきがはら	10
せきがわ	63
せきぐち	112
せきし	281
せきしもうち	112
せきしやくしょまえ	123
せきじゅうじまえ	123
せきと	241
せきとみおか	552
せきね	16
せきのみや	187
せきめ	27
せきめせいいく	168
せきめたかどの	60
せきや	187
せきやま	146
せせくし	281
せた	313
せたか	552
せたがや	187
せたがやだいた	313
せちご	314
せっそきょうおんせん	0
せったい	479
せっつ	125
せっつし	281
せっつとんだ	354
せっつもとやま	146
せっぷ	184
せと	241
せといし	281
せとぐち	112
せとし	281
せとしやくしょまえ	123
せとせ	104
せの	60
せのうえ	123
せのお	459
せば	258
せへじ	335
せみおんせん	0
せみね	16
せや	187
せやきたぐち	112
せらだ	354
せんかわ	63
せんがくじ	335
せんがわ	63
せんげんだい	479
せんげんちょう	203
せんごく	168
せんざい	479
せんざき	324
せんじゅおおはし	281
せんじょう	203
せんじょうじき	324
せんず	86
せんぞく	168
せんぞくいけ	69
せんたーきた	313
せんたーみなみ	412
せんだ	354
せんだい	479
せんだいかもつたーみなる	2
せんだいきたこう	203
せんだいくうこう	203
せんだいこう	203
せんだいにしこう	203
せんだいふとう	203
せんだいら	10
せんだがや	187
せんだぎ	341
せんちょう	203
せんとく	168
せんばやし	281
せんばやしおおみや	187
せんぷくじ	335
せんぼくちょう	203
せんぼん	0
せんまや	187
せんりおか	552
せんりちゅうおう	203
せんりやま	146
せんりゅうがたき	324
ぜぜ	116
ぜぜほんまち	112
ぜにばこ	260
ぜん	0
ぜんぎょう	203
ぜんこうじ	335
ぜんこうじした	313
ぜんご	314
ぜんしょうじ	335
ぜんじの	60
ぜんつうじ	335
ぜんどうじ	335
そううんざん	0
そううんのさとえばら	10
そうえん	0
そうか	552
そうご	314
そうごううんどうこうえん	0
そうごうりはびりせんたー	313
そうごさんどう	203
そうじじ	335
そうじゃ	187
そうじょうだいがくまえ	123
そうぜんじ	335
そうたろう	203
そうどう	203
そうぶだいした	313
そうぶだいまえ	123
そうま	146
そうり	54
そえだ	354
そが	575
そけい	479
そさんじ	335
そしおりゅうつうせんたー	313
そしがやおおくら	10
そだに	319
そでがうら	10
そでさき	324
そね	16
そねだ	354
その	60
そのぎ	341
そのだ	354
そのべ	11
そはら	10
そばのかみ	412
ぞうしがや	187
ぞうしき	324
ぞうしゅく	168
ぞうだ	354
たいけんこうどう	203
たいさんじ	335
たいしどう	203
たいしばしいまいち	112
たいしょう	203
たいじ	335
たいせい	479
たいちょうのさと	241
たいとう	203
たいのせ	104
たいのはま	146
たいへい	479
たいまでら	10
たいよう	203
たいらだて	51
たいらまち	112
たうら	10
たおじ	335
たか	552
たかいし	281
たかいだ	354
たかいだちゅうおう	203
たかいど	266
たかいわ	63
たかお	459
たかおか	552
たかおかかもつ	125
たかおさん	0
たかおさんぐち	112
たかおの	60
たかがり	54
たかぎ	341
たかぎまち	112
たかく	168
たかこ	260
たかさか	552
たかさき	324
たかさきしょうかだいがくまえ	123
たかさきしんでん	0
たかさきとんやまち	112
たかさご	314
たかし	281
たかしな	271
たかしのはま	146
たかしま	146
たかしまぐち	112
たかしまだいら	10
たかしまちょう	203
たかじょう	203
たかす	84
たかせ	104
たかた	313
たかたき	324
たかたこうこうまえ	123
たかたびょういん	0
たかたま	146
たかだ	354
たかだし	281
たかだのてっきょう	203
たかだのばば	258
たかだばし	281
たかだほんざん	0
たかちゃや	187
たかつ	125
たかつか	552
たかつき	324
たかつきし	281
たかつの	60
たかとおばら	10
たかとり	54
たかなべ	11
たかなわだい	479
たかねきど	266
たかねこうだん	0
たかの	60
たかのこ	260
たかのす	84
たかのだい	479
たかのはら	10
たかのみや	187
たかはぎ	341
たかはし	281
たかはた	313
たかはたふどう	203
たかはま	146
たかはまみなと	241
たかはる	2
たかばた	313
たかまつ	125
たかまつかもつたーみなる	2
たかまつちっこう	203
たかまつちょう	203
たかみず	86
たかみつ	125
たかみのさと	241
たかみや	187
たかもり	54
たかや	187
たかやす	84
たかやすやま	146
たかやなぎ	341
たかやま	146
たかよこすか	552
たからがいけ	69
たからちょう	203
たからづか	552
たからづかみなみぐち	112
たからべ	11
たかわし	281
たがじょう	203
たがたいしゃまえ	123
たがたじんじゃまえ	123
たがみ	412
たがわいた	313
たがわごとうじ	335
たがわしりつびょういん	0
たき	324
たきい	479
たきお	459
たきかわ	63
たきざわ	63
たきだに	319
たきだにふどう	203
たきの	60
たきのうえ	123
たきのちゃや	187
たきのま	146
たきのみや	187
たきはま	146
たきはら	10
たきふどう	203
たきべ	11
たきみず	86
たきもと	241
たきや	187
たきやま	146
たきょう	203
たぎ	341
たぎり	54
たく	168
たくほく	168
たくま	146
たけ	69
たけうら	10
たけおおんせん	0
たけおか	552
たけかわ	63
たけこま	146
たけさと	241
たけざわ	63
たけし	281
たけした	313
たけしば	258
たけだ	354
たけだお	459
たけとよ	106
たけなか	552
たけなみ	412
たけの	60
たけのつか	552
たけはな	271
たけはら	10
たけばし	281
たけふ	184
たけべ	11
たけまつ	125
たけむら	10
たこ	260
たこじぞう	203
たざわ	63
たざわこ	260
たしろ	22
たじべ	11
たじま	146
たじまこうこうまえ	123
たじみ	412
たじり	54
たぞえ	123
たたら	10
ただ	354
ただおか	552
ただち	112
ただのうみ	412
ただみ	412
たちあいがわ	63
たちあらい	479
たちかわ	63
たちかわきた	313
たちかわみなみ	412
たちき	324
たちこうじ	335
たちた	313
たちばな	271
たちひ	398
たちま	146
たつえ	123
たつおかじょう	203
たつた	313
たつたがわ	63
たつたぐち	112
たつの	60
たつみ	412
たつみがおか	552
たつみち	112
たつるはま	146
たづ	125
たていし	281
たてかわめ	27
たてがはな	271
たてこし	281
たてだ	354
たての	60
たてば	258
たてばやし	281
たてぼり	54
たてやま	146
たど	266
たどつ	125
たな	271
たなか	552
たなかぐち	112
たながた	313
たながわ	63
たなくら	10
たなし	281
たなべ	11
たなみ	412
たにかわ	63
たにがしら	10
たにがみ	412
たにぐみぐち	112
たにのくち	112
たにはま	146
たにまちきゅうちょうめ	27
たにまちよんちょうめ	27
たにまちろくちょうめ	27
たにやま	146
たぬしまる	2
たぬま	146
たねいち	112
たねさしかいがん	0
たの	60
たのうらおたちみさきこうえん	0
たのくち	112
たのくぼ	109
たのくら	10
たのはた	313
たはら	10
たばた	313
たばたしんごうじょう	203
たばるざか	552
たびらひらどぐち	112
たぶし	281
たぶせ	104
たほうとう	203
たま	146
たまえ	123
たまがき	324
たまがし	281
たまがわ	63
たまがわがくえんまえ	123
たまがわじょうすい	479
たまがわむら	10
たまさかい	479
たまさき	324
たませんたー	313
たまち	112
たまつくり	54
たまつくりおんせん	0
たまで	63
たまど	266
たまどうぶつこうえん	0
たまな	271
たまの	60
たまのい	479
たまのえ	123
たまみず	86
たまむら	10
たまよど	266
たまらい	479
たまる	2
たまれいえん	0
たむら	10
ためいけさんのう	203
たもと	241
たや	187
たやま	146
たよし	281
たよろ	22
たら	10
たらぎ	341
たるい	479
たるみ	412
たろう	203
たろうぼうぐうまえ	123
たろうまるえんぜるらんど	266
たわらだ	354
たわらまち	112
たわらもと	241
たんが	575
たんごかんざき	324
たんごゆら	10
たんしょう	203
たんじょうじ	335
たんの	60
たんのわ	63
たんばおおやま	146
たんばぐち	112
たんばたけだ	354
たんばばし	281
たんぴ	399
たんぼあーと	241
たんまち	112
だいあん	0
だいあんじ	335
だいいちどおり	54
だいかい	479
だいかんちょう	203
だいかんぼう	203
だいかんやま	146
だいがく	168
だいがくまえ	123
だいぎょうじ	335
だいこくちょう	203
だいご	314
だいしまえ	123
だいしゃか	552
だいしょうじ	335
だいじんぐうした	313
だいせんぐち	112
だいせんじ	335
だいぜんじ	335
だいたばし	281
だいてんぼうだい	479
だいとう	203
だいどう	203
だいどうちょう	203
だいどうとよさと	241
だいにち	112
だいにゅう	203
だいのはら	10
だいば	258
だいふく	168
だいほう	203
だいもつ	125
だいもん	0
だいやむこう	203
だいゆうざん	0
だざいふ	184
だしだいら	10
だしな	271
だて	51
だてもんべつ	125
だん	0
ちえぶん	0
ちかがわ	63
ちかた	313
ちかつ	125
ちかてつあかつか	552
ちかてつなります	84
ちかなが	575
ちかぶみ	412
ちがき	324
ちがさき	324
ちがね	16
ちくごおおいし	281
ちくごくさの	60
ちくごふなごや	187
ちくごよしい	479
ちくさ	247
ちくし	281
ちくせんたー	313
ちくぜんいわや	187
ちくぜんうえき	324
ちくぜんうちの	60
ちくぜんしょうない	479
ちくぜんだいぶ	210
ちくぜんはぶ	210
ちくぜんふかえ	123
ちくぜんまえばる	2
ちくぜんやまえ	123
ちくぜんやまて	51
ちくに	319
ちくほうかつき	324
ちくほうなかま	146
ちくほうのおがた	313
ちくま	146
ちくら	10
ちごづか	552
ちさと	241
ちしろだい	479
ちしろだいきた	313
ちじ	335
ちず	86
ちた	313
ちたおくだ	354
ちたたけとよ	106
ちたはんだ	354
ちちぶ	210
ちっぷべつ	125
ちとせ	104
ちとせからすやま	146
ちとせふなばし	281
ちどり	54
ちどりちょう	203
ちどりばし	281
ちの	60
ちはや	187
ちはやぐち	112
ちはらだい	479
ちば	258
ちばかもつ	125
ちばこうえん	0
ちばた	313
ちばちゅうおう	203
ちばでら	10
ちばにゅーたうんちゅうおう	203
ちばみなと	241
ちびき	324
ちぶね	16
ちほく	168
ちゃうすやま	146
ちゃしない	479
ちゃじょ	106
ちゃない	479
ちゃやがさか	552
ちゃやま	146
ちゃやまち	112
ちゅうおういちばまえ	123
ちゅうおうだいがく・めいせいだいがく	168
ちゅうおうひろさき	324
ちゅうおうまえばし	281
ちゅうおうりんかん	0
ちゅうがっこう	203
ちゅうきょうけいばじょうまえ	123
ちゅうぐん	0
ちゅうごくかつやま	146
ちゅうしょじま	146
ちゅうでん	0
ちゅうぶこくさいくうこう	203
ちゅうぶてんりゅう	203
ちょうあんじ	335
ちょうこくのもり	54
ちょうご	314
ちょうさ	247
ちょうし	281
ちょうしぐち	112
ちょうじゃがはましおさいはまなすこうえんまえ	123
ちょうじゃばる	2
ちょうじゃまち	112
ちょうふ	184
ちょうもんきょう	203
ちょうよう	203
ちょうらくじ	335
ちょくし	281
ちょくべつ	125
ちよ	106
ちよかわ	63
ちよがおか	552
ちよけんちょうぐち	112
ちよざき	324
ちよだ	354
ちらいおつ	125
ちりゅう	203
ちわ	63
ちわた	313
つ	125
ついき	324
つうどう	203
つかぐち	112
つかだ	354
つかのめ	27
つかはら	10
つかもと	241
つかやま	146
つが	575
つがるいいづめ	27
つがるいし	281
つがるおおさわ	63
つがるおのえ	123
つがるごしょがわら	10
つがるしんじょう	203
つがるなかさと	241
つがるはまな	271
つがるふたまた	313
つがるみやた	313
つがるゆのさわ	63
つがわ	63
つきおか	552
つきがおか	552
つきがせぐち	112
つきさむちゅうおう	203
つきざき	324
つきしま	146
つきじ	335
つきじぐち	112
つきじしじょう	203
つきだ	354
つきのかわ	63
つきのき	324
つきのわ	63
つきみの	60
つきみやま	146
つきやま	146
つくいはま	146
つくしの	60
つくだ	354
つくの	60
つくばさんちょう	203
つくみ	412
つげ	79
つこ	260
つしま	146
つしまのみや	187
つしんまち	112
つじ	335
つじどう	203
つすみ	412
つだ	354
つだぬま	146
つだやま	146
つちうら	10
つちざき	324
つちざわ	63
つちたる	2
つちはし	281
つちやま	146
つつい	479
つついし	281
つつじがおか	552
つづ	125
つづき	324
つづきふれあいのおか	552
つづみがうら	10
つづみがたき	324
つなぎ	341
つなしま	146
つなん	0
つねずみ	412
つねやま	146
つの	60
つのい	479
つのがわ	63
つのづ	125
つのもり	54
つばき	324
つばた	313
つばめ	27
つばめさんじょう	203
つぶく	168
つぼい	479
つぼいがわこうえん	0
つぼがわ	63
つぼさかやま	146
つぼじり	54
つまざき	324
つもり	54
つや	187
つやま	146
つやまぐち	112
つるい	479
つるおか	552
つるかわ	63
つるが	575
つるがおか	552
つるがさか	552
つるがしま	146
つるがた	313
つるがみなと	241
つるがみね	16
つるぎ	341
つるさき	324
つるさと	241
つるし	281
つるせ	104
つるた	313
つるどまり	54
つるぬま	146
つるはし	281
つるはら	10
つるぶんかだいがくまえ	123
つるま	146
つるまい	479
つるまきおんせん	0
つるまる	2
つるみ	412
つるみいちば	258
つるみおの	60
つるみりょくち	112
つるわ	63
つわの	60
ていね	16
てがら	10
てしおがわおんせん	0
てしおなかがわ	63
てたる	2
てぢから	10
てつどうはくぶつかん	0
てづかやま	146
てのこ	260
てはら	10
てらうち	112
てらお	459
てらした	313
てらしょう	203
てらだ	354
てらだちょう	203
てらどまり	54
てらはら	10
てらまえ	123
てらもと	241
てるおか	552
てんがちゃや	187
てんくうばし	281
てんじん	0
てんじんがわ	63
てんじんばしすじろくちょうめ	27
てんじんみなみ	412
てんじんやま	146
てんじん）	0
てんだい	479
てんとう	203
てんどう	203
てんどうみなみ	412
てんのう	203
てんのうじ	335
てんのうじえきまえ	123
てんのうじゅく	168
てんのうずあいる	2
てんのうだい	479
てんのうちょう	203
てんぱいざん	0
てんぼうだい	479
てんま	146
てんまちょう	203
てんまばし	281
てんやば	258
てんり	54
てんりゅうがわ	63
てんりゅうきょう	203
てんりゅうふたまた	313
てんわ	63
できじま	146
でと	241
でとはま	146
でまちやなぎ	341
でやしき	324
でんえんちょうふ	184
でんてついしだ	354
でんてついずもし	281
でんてつうおづ	125
でんてつくろべ	11
でんてつとやま	146
でんぽう	203
とあさ	247
といかんべつ	125
といで	63
とういん	0
とううん	0
とうえい	479
とうかい	479
とうかいがくえんまえ	123
とうかいだいがくまえ	123
とうかいどおり	54
とうがね	16
とうきょう	203
とうきょうかもつたーみなる	2
とうきょうてれぽーと	241
とうきょうでぃずにーしーすてーしょん	0
とうきょうでぃずにーらんどすてーしょん	0
とうげ	79
とうげした	313
とうげんだい	479
とうこう	203
とうこうじ	335
とうごう	203
とうしょうぐう	203
とうじ	335
とうじいん	0
とうじしりょうかんみなみ	412
とうじょう	203
とうじんまち	112
とうだいまえ	123
とうでら	10
とうな	271
とうに	319
とうのさわ	63
とうのはま	146
とうのはる	2
とうのへつり	54
とうふくじ	335
とうぶいずみ	412
とうぶうつのみや	187
とうぶかなさき	324
とうぶしじょうまえ	123
とうぶたけざわ	63
とうぶどうぶつこうえん	0
とうぶにっこう	203
とうぶねりま	146
とうぶわーるどすくうぇあ	396
とうほくふくしだいまえ	123
とうま	146
とうや	187
とうようかつただい	479
とうようちょう	203
とうりょうこうこう）	0
とうろ	22
とおかいちば	258
とおかまち	112
とおかわ	63
とおしま	146
とおとうみいちのみや	187
とおの	60
とおふつ	125
とおや	187
とおりたに	319
とかちしみず	86
とかわ	63
とがしら	10
とがの	60
とがりのざわおんせん	0
とがわ	63
とが・みきた	313
ときし	281
ときだ	354
ときにわ	63
ときまた	313
ときわ	63
ときわだい	479
ときわだいら	10
とくあん	0
とくさ	247
とくさわ	63
とくしげ	79
とくしげ・なごやげいだい	479
とくしま	146
とくしゅく	168
とくだ	354
とくなが	575
とくます	84
とくまる	2
とくみつ	125
とくやま	146
とくりきあらしやまぐち	112
とくりきこうだんまえ	123
とくわ	63
とぐら	10
とけ	69
とこなみ	412
とこなめ	27
とこはだいがくまえ	123
ところぎ	341
ところざわ	63
とごし	281
とごしぎんざ	253
とごしこうえん	0
とさあなない	479
とさいっく	168
とさいりの	60
とさいわはら	10
とさおおつ	125
とさかみかわぐち	112
とさかも	81
とさきたがわ	63
とさくれ	4
とささが	575
とさしょうわ	63
とさしらはま	146
とさしんじょう	203
とさたいしょう	203
とさながおか	552
とさやまだ	354
とざわ	63
としべつ	125
としま	146
としまえん	0
とす	84
とすかもつたーみなる	2
とだ	354
とだこうえん	0
とだこはま	146
とちぎ	341
とちはら	10
とちや	187
とちょうまえ	123
とっとり	54
とっとりだいがくまえ	123
とっとりのしょう	203
とつか	552
とづかあんぎょう	203
とで	63
ととろ	22
とどろき	324
となみ	412
とねり	54
とねりこうえん	0
とのき	324
とのしょう	203
とのみ	412
とのやま	146
とば	258
とばかいどう	203
とばた	313
とばなか	552
とばのえ	123
とびたきゅう	203
とふがうらかいがん	0
とふろうまえ	123
とふろうみなみ	412
とべ	11
とほり	54
とまい	479
とまこまい	479
とまこまいかもつ	125
とまべち	112
とまり	54
とみあい	479
とみうら	10
とみお	459
とみおか	552
とみおかまえ	123
とみか	552
とみかわ	63
とみざわ	63
とみず	86
とみた	313
とみだ	354
とみだはま	146
とみね	16
とみの	60
とみはら	10
とみよし	281
とむら	10
とも	81
ともえ	123
ともちゅうおう	203
ともべ	11
とやま	146
とやまかもつ	125
とよあけ	69
とようら	10
とよおか	552
とよかわ	63
とよかわいなり	54
とよがおか	552
とよころ	22
とよさか	552
とよさと	241
とよしき	324
とよしな	271
とよしみず	86
とよす	84
とよたし	281
とよだ	354
とよだちょう	203
とよだほんまち	112
とよつ	125
とよつうえの	60
とよとみ	412
とよなか	552
とよなが	575
とよぬま	146
とよの	60
とよはし	281
とよはま	146
とよはら	10
とよはる	2
とよひらこうえん	0
とよほろ	22
とよまね	16
とよみ	412
とらのもん	0
とらひめ	27
とらみ	412
とりい	479
とりいまえ	123
とりいもと	241
とりがた	313
とりさわ	63
とりつかせい	479
とりつだいがく	168
とりで	63
とりのき	324
とりはま	146
とれーどせんたーまえ	123
とろ	22
とろっこあらしやま	146
とろっこかめおか	552
とろっこさが	575
とろっこほづきょう	203
とわた	313
とわだみなみ	412
とんだ	354
とんだばやし	281
とんだばやしにしぐち	112
どあい	479
どい	479
どいだ	354
どいち	112
どうごおんせん	0
どうごやま	146
どうししゃまえ	123
どうじま	146
どうじょう	203
どうじょうじ	335
どうじょうみなみぐち	112
どうせん	0
どうとく	168
どうぶつえんまえ	123
どうぶつこうえん	0
どうほうじ	335
どうみょうじ	335
どそこはま	146
どっきょうだいがくまえ	123
どばし	281
どぶかい	479
どめき	324
どもと	241
どーむまえ	123
どーむまえちよざき	324
ないえ	123
ないじょうし	281
なえぼ	109
なおえ	123
なおえつ	125
なおかわ	63
なおみ	412
なか	552
なかあいべつ	125
なかあらい	479
なかい	479
なかいさむらい	479
なかいずみ	412
なかいたばし	281
なかいぶり	54
なかうら	10
なかうらわ	63
なかおかざき	324
なかおかちまち	112
なかおぐに	319
なかおたい	479
なかかづみ	412
なかかるいざわ	63
なかかわべ	11
なかがみ	412
なかがや	187
なかがわ	63
なかがわら	10
なかきど	266
なかこうえん	0
なかこもの	60
なかごうら	10
なかごみ	412
なかごや	187
なかさせぼ	109
なかさと	241
なかさわ	63
なかざきちょう	203
なかざと	241
なかしおだ	354
なかしま	146
なかしゃり	54
なかしょう	203
なかしんみなと	241
なかじま	146
なかじまこうえん	0
なかじまふとう	203
なかじょう	203
なかすかわばた	313
なかすがや	187
なかすじ	335
なかせこ	260
なかた	313
なかたく	168
なかたびら	10
なかだ	354
なかつ	125
なかつがわ	63
なかつち	112
なかつの	60
なかつばた	313
なかつま	146
なかとよ	106
なかなめりかわ	63
なかね	16
なかの	60
なかのごう	203
なかのさかうえ	123
なかのさかえ	123
なかのさわ	63
なかのしま	146
なかのしょう	203
なかのしんばし	281
なかのじょう	203
なかのちょう	203
なかのひがし	281
なかのふじみちょう	203
なかのぶ	210
なかのまつかわ	63
なかはぎ	341
なかはた	313
なかはま	146
なかはんだ	354
なかばる	2
なかふかわ	63
なかふくら	10
なかふとう	203
なかふにゅう	203
なかふらの	60
なかま	146
なかまちだい	479
なかまつ	125
なかまつえ	123
なかみずの	60
なかみた	313
なかみなと	241
なかみょう	203
なかみよりおんせん	0
なかむら	10
なかむらくやくしょ	106
なかむらこうえん	0
なかむらにっせき	324
なかむらばし	281
なかめぐろ	22
なかもず	86
なかやぎ	341
なかやま	146
なかやまかんのん	0
なかやまが	575
なかやまぐち	112
なかやまじゅく	168
なかやまだいらおんせん	0
なかやまでら	10
ながい	479
ながいけ	69
ながいずみなめり	54
ながうら	10
ながえ	123
ながお	459
ながおか	552
ながおかきょう	203
ながおかてんじん	0
ながくてこせんじょう	203
ながさか	552
ながさき	324
ながさと	241
ながさわ	63
ながしのじょう	203
ながしま	146
ながしまだむ	76
ながす	84
ながせ	104
ながた	313
ながたき	324
ながたちょう	203
ながたに	319
ながたにの	60
ながつた	313
ながとあわの	60
ながとおおい	479
ながとし	281
ながとながさわ	63
ながとふたみ	412
ながとふるいち	112
ながとみすみ	412
ながともとやま	146
ながとゆもと	241
ながとり	54
ながとろ	22
ながなわしろ	22
ながぬま	146
ながの	60
ながのはらくさつぐち	112
ながはま	146
ながはら	10
ながほりばし	281
ながまち	112
ながまちいっちょうめ	27
ながまちみなみ	412
ながみね	16
ながもり	54
ながや	187
ながやま	146
ながよ	106
ながら	10
ながれやま	146
ながれやまおおたかのもり	54
ながれやまおんせん	0
ながれやませんとらるぱーく	168
ながわ	63
なぎ	341
なぎさ	247
なぎそ	35
なぎつじ	335
なぐさ	247
なぐわ	63
なこそ	35
なこふなかた	313
なご	314
なごせ	104
なごのうら	10
なごや	187
なごやかもつたーみなる	2
なごやけいばじょうまえ	123
なごやこう	203
なごやだいがく	168
なごやどーむまえやだ	354
なごやみなと	241
なごやみなみかもつ	125
なじま	146
なすしおばら	10
なた	313
なだ	354
なだち	112
なち	112
なつい	479
なて	51
なとり	54
なない	479
ななえ	123
ななえはま	146
ななお	459
ななくぼ	109
ななくま	146
ななこうだい	479
ななさと	241
ななつか	552
ななつがたけとざんぐち	112
ななつや	187
ななわ	63
なにわばし	281
なぬかまち	112
なはくうこう	203
なはり	54
なばた	313
なばり	54
なべくら	10
なべしま	146
なべら	10
なまずた	313
なまぜ	116
なまむぎ	341
なみいたかいがん	0
なみえ	123
なみおか	552
なみかた	313
なみかわ	63
なみききた	313
なみきちゅうおう	203
なみの	60
なみはな	271
なめがわ	63
なめがわあいらんど	266
なめづ	125
なめりかわ	63
なよろ	22
なら	10
ならい	479
ならぐち	112
ならしの	60
ならはら	10
ならやま	146
ならわ	63
なりた	313
なりたくうこう	203
なりたゆかわ	63
なります	84
なるいし	281
なるお	459
なるこおんせん	0
なるこきた	313
なるこごてんゆ	61
なるさわ	63
なるしま	146
なるせ	104
なるたき	324
なると	241
なるとう	203
なるみ	412
なわ	63
なんこうぐち	112
なんこうひがし	281
なんごう	203
なんごうじゅうさんちょうめ	27
なんごうじゅうはっちょうめ	27
なんごうななちょうめ	27
なんじゃい	479
なんじょう	203
なんば	258
なんぶしじょう	203
なんようしやくしょ	106
にい	479
にいかっぷ	184
にいがた	313
にいがたかもつたーみなる	2
にいがただいがくまえ	123
にいさと	241
にいざ	253
にいざかもつたーみなる	2
にいざき	324
にいざと	241
にいた	313
にいだ	354
にいつ	125
にいつき	324
にいつる	2
にいの	60
にいはま	146
にいはり	54
にいみ	412
にいむら	10
にいや	187
にえかわ	63
にかいどう	203
にかほ	106
にがた	313
にがたけ	69
にがつでん	0
にがわ	63
にき	324
にぎしま	146
にけんちゃや	187
にけんや	187
にさと	241
にしあいおい	479
にしあおやま	146
にしあかし	281
にしあがの	60
にしあしかじま	146
にしあち	112
にしあらい	479
にしあらいだいしにし	281
にしありた	313
にしあわくら	10
にしいさはや	187
にしいずみ	412
にしいずも	81
にしいちのみや	187
にしいわくに	319
にしうえだ	354
にしうおづ	125
にしうめだ	354
にしうら	10
にしうらかみ	412
にしうらわ	63
にしえい	479
にしえいがしま	146
にしえいふく	168
にしお	459
にしおうち	112
にしおえ	123
にしおおい	479
にしおおいた	313
にしおおがき	324
にしおおがた	313
にしおおさき	324
にしおおじ	335
にしおおじおいけ	69
にしおおじさんじょう	203
にしおおじま	146
にしおおず	86
にしおおたき	324
にしおおつか	552
にしおおて	51
にしおおはし	281
にしおおはら	10
にしおおみや	187
にしおおや	187
にしおおやま	146
にしおかざき	324
にしおぎくぼ	109
にしおぐち	112
にしおびひろ	22
にしかぐら	10
にしかけがわ	63
にしかさい	479
にしかさまつ	125
にしかじま	146
にしかせだ	354
にしかた	313
にしかたかみ	412
にしかつまだ	354
にしかづみ	412
にしかなざわ	63
にしかに	319
にしかまくら	10
にしからつ	125
にしかわぐち	112
にしかわごえ	123
にしかわだ	354
にしがはら	10
にしがほう	203
にしがわら	10
にしき	324
にしきおか	552
にしきが	575
にしきたみ	412
にしきちょう	203
にしきづ	125
にしきぬやま	146
にしきのはま	146
にしきょうごく	168
にしきりゅう	203
にしぎし	281
にしぎふ	184
にしくじょう	203
にしくにたち	112
にしくまもと	241
にしくりす	84
にしくろさき	324
にしくわな	271
にしこいずみ	412
にしこくぶんじ	335
にしこくら	10
にしこざかい	479
にしこば	258
にしこばやし	281
にしこやま	146
にしごぼう	203
にしごりょう	203
にしさかわ	63
にしさがえ	123
にしさと	241
にしさばえ	123
にしさまに	319
にしさんそう	203
にししおがま	146
にししかま	146
にししばた	313
にししょろ	22
にししろい	479
にししんじゅく	168
にししんじゅくごちょうめ	27
にししんまち	112
にししんみなと	241
にしじゅういっちょうめ	27
にしじゅうはっちょうめ	27
にしじょう	203
にしじん	0
にしすがも	81
にしすずらんだい	479
にしせいわ	63
にしそえだ	354
にしたいしどう	203
にしたかおか	552
にしたかくら	10
にしたかしまだいら	10
にしたかのす	84
にしたかや	187
にしたきさわ	63
にしたちあらい	479
にしたちかわ	63
にしたなべ	11
にしたびら	10
にしたわらもと	241
にしだい	479
にしちば	258
にしちょうふ	184
にしつばめ	27
にしつるが	575
にしてつおごおり	54
にしてつかしい	479
にしてつぎんすい	479
にしてつくるめ	27
にしてつごじょう	203
にしてつしんぐう	203
にしてつちはや	187
にしてつなかしま	146
にしてつひらお	459
にしてつふつかいち	112
にしてつやながわ	63
にしてつわたぜ	116
にしてんがちゃや	187
にしところざわ	63
にしとみい	479
にしとみおか	552
にしとやま	146
にしとりで	63
にしなか	552
にしなかじまみなみがた	313
にしなかどおり	54
にしながたゆりのさと	241
にしながほり	54
にしなすの	60
にしなだ	354
にしなめりかわ	63
にしにじゅうはっちょうめ	27
にしにっぽり	54
にしにゅうぜん	0
にしのきょう	203
にしのくち	112
にしのしょう	203
にしのじり	54
にしのぶと	241
にしのみや	187
にしのみやきたぐち	112
にしのみやなじお	459
にしはず	86
にしはた	313
にしはちおうじ	335
にしはにゅう	203
にしはま	146
にしはまだ	354
にしはままつ	125
にしはら	10
にしはる	2
にしはるえはーとぴあ	396
にしばら	10
にしひとよし	281
にしひの	60
にしひらない	479
にしひろしま	146
にしびわじま	146
にしふ	184
にしふじのみや	187
にしふじわら	10
にしふたみ	412
にしふとう	203
にしふなばし	281
にしふるかわ	63
にしぶくろ	22
にしぶん	0
にしべっしょ	106
にしべついん	0
にしまいこ	260
にしまいづる	2
にしまえだ	354
にしまごめ	27
にしまついだ	354
にしまつもと	241
にしみずほ	106
にしみやこのじょう	203
にしみよし	281
にしむこう	203
にしむた	313
にしめ	27
にしめまんべつ	125
にしもとまち	112
にしや	187
にしやいづ	125
にしやしき	324
にしやま	146
にしやまぐち	112
にしやまこうえん	0
にしやまてんのうざん	0
にしやまな	271
にしよこはま	146
にしよしい	479
にしよねざわ	63
にしるべしべ	11
にしわかまつ	125
にしわきし	281
にしわせだ	354
にしわだ	354
にじ	335
にじっけん	0
にじの	60
にじのまつばら	10
にじゅうばしまえ	123
にじゅうよんけん	0
にじょう	203
にじょうざん	0
にじょうじょうまえ	123
にじょうじんじゃぐち	112
にたない	479
にちぜんぐう	203
にちなん	0
にちはら	10
にっかかがくまえ	123
にっかわ	63
にっこう	203
にっこうまえ	123
にっしん	0
にっせいちゅうおう	203
にった	313
にったき	324
にったづか	552
にったの	60
にっぱ	239
にっぽり	54
にっぽんばし	281
にのくち	112
にのせ	104
にのへ	20
にのみや	187
にぶ	210
にぶの	60
にほ	106
にほづ	125
にほんおおどおり	54
にほんぎ	341
にほんばし	281
にほんへそこうえん	0
にほんまつ	125
にほんらいんいまわたり	54
にま	146
にやま	146
にゅうがわ	63
にゅうぜん	0
にゅうの	60
にらがわ	63
にらさき	324
にらやま	146
にりがはま	146
にれぎ	341
にれはら	10
にろう	203
にわさか	552
にわせ	104
にんぎょうちょう	203
ぬかざわ	63
ぬかじゅうたくまえ	123
ぬかた	313
ぬかだ	354
ぬかなん	0
ぬくた	313
ぬくみ	412
ぬくり	54
ぬのいち	112
ぬのざき	324
ぬのしだ	354
ぬのせ	104
ぬのはら	10
ぬのべ	11
ぬまくぼ	109
ぬまた	313
ぬまづ	125
ぬまのさわ	63
ぬまのはた	313
ぬまぶくろ	22
ぬまべ	11
ねう	203
ねがさ	247
ねぎし	281
ねこまた	313
ねごや	187
ねずがせき	324
ねち	112
ねっぷ	184
ねづ	125
ねぶかわ	63
ねむろ	22
ねもと	241
ねやがわし	281
ねりま	146
ねりまかすがちょう	203
ねりまたかのだい	479
のう	203
のうがくぶまえ	123
のうけんだい	479
のうまち	112
のえ	123
のえうちんだい	479
のおがた	313
のかなん	0
のがた	313
のがみ	412
のがみはら	10
のぎ	341
のぎさわ	63
のぎざか	552
のけ	69
のざき	324
のざと	241
のざわ	63
のし	281
のしろ	22
のじまこうえん	0
のじり	54
のせ	104
のせき	324
のぞき	324
のだ	354
のだおい	479
のだごう	203
のだし	281
のだしんまち	112
のだじょう	203
のだたまがわ	63
のだはんしん	0
のち	112
のっぽろ	22
のとかしま	146
のとがわ	63
のとなかじま	146
のとにのみや	187
のとべ	11
のない	479
のなか	552
のなみ	412
ののいち	112
ののいちこうだいまえ	123
ののくち	112
ののだけ	69
のびる	2
のぶかた	313
のぶき	324
のへじ	335
のべおか	552
のべやま	146
のぼりと	241
のぼりべつ	125
のま	146
のまち	112
のみねあがり	54
のや	187
のーふぉーくひろば	258
はいき	324
はいじま	146
はいぬづか	552
はいばら	10
はえのさき	324
はおび	436
はかた	313
はかたみなみ	412
はかりいし	281
はかわ	63
はき	324
はぎ	341
はぎの	60
はぎのだい	479
はぎのちゃや	187
はぎはらてんじん	0
はぎやま	146
はぎゅう	203
はぎわら	10
はくい	479
はくさん	0
はくさんながたき	324
はくしま	146
はくのうこうこうまえ	123
はくば	258
はくばおおいけ	69
はくやちょう	203
はくよう	203
はくらく	168
はくりんだい	479
はぐらざき	324
はぐれ	4
はぐろ	22
はぐろした	313
はけのみや	187
はげ	79
はこいし	281
はこざき	324
はこざききゅうだいまえ	123
はこざきみやまえ	123
はこだて	51
はこだてかもつ	125
はこつくり	54
はこねいたばし	281
はこねがさき	324
はこねゆもと	241
はごろも	81
はさま	146
はざかわ	63
はざま	146
はし	281
はしお	459
はしおか	552
はしかみ	412
はしくら	10
はしはま	146
はしましやくしょまえ	123
はしもと	241
はしらの	60
はじ	335
はじのさと	241
はすがいけ	69
はすだ	354
はすぬま	146
はすね	16
はすまち	112
はせ	104
はせでら	10
はぜ	116
はた	313
はたうら	10
はたえ	123
はたがや	187
はたき	324
はたけだ	354
はただ	354
はたのだい	479
はたぶ	210
はたま	146
はたや	187
はだかじま	146
はだす	84
はだち	112
はだの	60
はちおうじ	335
はちおうじみなみの	60
はちがた	313
はちけん	0
はちす	84
はちのへ	20
はちのへかもつ	125
はちはま	146
はちほんまつ	125
はちまん	0
はちまんたい	479
はちまんまえ	123
はちまんやま	146
はちもり	54
はちろうがた	313
はっけいじま	146
はっさむ	76
はっさむちゅうおう	203
はっさむみなみ	412
はった	313
はったうし	281
はっちょうなわて	51
はっちょうぼり	54
はっちょうむた	313
はっとう	203
はっとり	54
はっとりがわ	63
はっとりてんじん	0
はついし	281
はつかいち	112
はつかいちしやくしょまえ	123
はつかり	54
はつしば	258
はつしま	146
はつだい	479
はつとみ	412
はつの	60
はとがや	187
はとのす	84
はとり	54
はないずみ	412
はなくま	146
はなこがねい	479
はなさき	324
はなしろおんせん	0
はなぞの	60
はなぞのちょう	203
はなてん	0
はなばたけ	69
はなまき	324
はなまきくうこう	203
はなみずきどおり	54
はなみずざか	552
はなやま	146
はなわ	63
はなんどう	203
はにゅう	203
はにゅうだ	354
はぬき	324
はね	16
はねお	459
はねだくうこうこくさいせんたーみなる	2
はねだくうこうこくさいせんびる	2
はねだくうこうこくないせんたーみなる	2
はねだくうこうだいいちびる	2
はねだくうこうだいにびる	2
はのうら	10
はば	258
はぶ	210
はまあつま	146
はまおおつ	125
はまかづみ	412
はまかなや	187
はまかわさき	324
はまきた	313
はまこくら	10
はまこしみず	86
はまごい	479
はまごうち	112
はまさか	552
はまさき	324
はまたうら	10
はまだ	354
はまだやま	146
はまちょう	203
はまでら	10
はまでらこうえん	0
はまなか	552
はまなこさくめ	27
はまの	60
はまのみや	187
はまはら	10
はままつ	125
はままつちょう	203
はまむら	10
はまやまこうえんきたぐち	112
はまよしだ	354
はむら	10
はものかいかんまえ	123
はや	187
はやかわ	63
はやきた	313
はやぐち	112
はやし	281
はやしさきまつえかいがん	0
はやしざき	324
はやしの	60
はやしま	146
はやしみち	112
はやせ	104
はやつきかづみ	412
はやと	241
はやどおり	54
はやぶさ	247
はやほし	281
はゆか	552
はら	10
はらいち	112
はらじゅく	168
はらたい	479
はらたいま	146
はらだ	354
はらの	60
はらのまち	112
はらのや	187
はらみず	86
はらむこう	203
はりなかの	60
はりま	146
はりまかつはら	10
はりましもさと	241
はりましんぐう	203
はりまたかおか	552
はりまちょう	203
はりまとくさ	247
はりまよこた	313
はるえ	123
はるか	552
はるき	324
はるきば	258
はるた	313
はるたち	112
はるだ	354
はるとり	54
はるひの	60
はるまち	112
はるやま	146
はんしんこくどう	203
はんぞうもん	0
はんだ	354
はんだいびょういんまえ	123
はんだぐち	112
はんだふとう	203
はんの	60
はんのう	203
ばいしんじ	335
ばいりん	0
ばくろうまち	112
ばくろちょう	203
ばくろよこやま	146
ばしゃみち	112
ばすせんたーまえ	123
ばっかい	479
ばばさきちょう	203
ばらき	324
ばらきなかやま	146
ばんしゅうあこう	203
ばんだ	354
ばんだいあたみ	412
ばんだいまち	112
ばんでん	0
ばんどう	203
ばんどうばし	281
ばんぱくきねんこうえん	0
ひう	203
ひうしない	479
ひえ	123
ひえいざんさかもと	241
ひおか	552
ひかり	54
ひかりがおか	552
ひかりのもり	54
ひかわだい	479
ひがしあいのない	479
ひがしあおはら	10
ひがしあおもり	54
ひがしあおやま	146
ひがしあかさか	552
ひがしあがの	60
ひがしあきる	2
ひがしあさひかわ	63
ひがしあずま	146
ひがしあびこ	260
ひがしあまぎ	341
ひがしいけぶくろ	22
ひがしいこま	146
ひがしいさはや	187
ひがしいしぐろ	22
ひがしいしんでん	0
ひがしいちき	324
ひがしいわせ	104
ひがしいわつき	324
ひがしうめだ	354
ひがしうら	10
ひがしうらわ	63
ひがしおうめ	27
ひがしおおがき	324
ひがしおおさき	324
ひがしおおじま	146
ひがしおおだて	51
ひがしおおて	51
ひがしおおぶけ	69
ひがしおおみや	187
ひがしおかざき	324
ひがしおかやま	146
ひがしおのみち	112
ひがしおばま	146
ひがしかいじん	0
ひがしかいづか	552
ひがしかいもん	0
ひがしかこがわ	63
ひがしかしわざき	324
ひがしかつら	10
ひがしかない	479
ひがしかながわ	63
ひがしかなざわ	63
ひがしからつ	125
ひがしかりや	187
ひがしかわぐち	112
ひがしきしわだ	354
ひがしきたざわ	63
ひがしきよかわ	63
ひがしぎょうだ	354
ひがしぎんざ	253
ひがしくしろ	22
ひがしくねべつ	125
ひがしくやくしょまえ	123
ひがしくるめ	27
ひがしげじょう	203
ひがしこいずみ	412
ひがしこうえんじ	335
ひがしこおげ	79
ひがしこがねい	479
ひがしこくら	10
ひがしこもろ	22
ひがしさいがわさんしろう	203
ひがしさかた	313
ひがしさっぽろ	22
ひがしさの	60
ひがしさんじょう	203
ひがししおがま	146
ひがししかごえ	123
ひがししずおか	552
ひがししずない	479
ひがししろいし	281
ひがししんかわ	63
ひがししんじゅく	168
ひがししんじょう	203
ひがししんまち	112
ひがししんみなと	241
ひがしじゅうじょう	203
ひがしすくも	81
ひがしすま	146
ひがしずし	281
ひがしせんだい	479
ひがしそうじゃ	187
ひがしその	60
ひがしたかさき	324
ひがしたかしま	146
ひがしたかす	84
ひがしたきかわ	63
ひがしたく	168
ひがしたごのうら	10
ひがしたびら	10
ひがしたらぎ	341
ひがしたるみ	412
ひがしだて	51
ひがしちば	258
ひがしちょう	203
ひがしつづき	324
ひがしつの	60
ひがしつやま	146
ひがしところざわ	63
ひがしとつか	552
ひがしとみおか	552
ひがしとやま	146
ひがしなかがみ	412
ひがしなかつ	125
ひがしなかの	60
ひがしなかま	146
ひがしなかやま	146
ひがしながさき	324
ひがしながさわ	63
ひがしながはら	10
ひがしなごやこう	203
ひがしなめりかわ	63
ひがしならわ	63
ひがしなりた	313
ひがしなるお	459
ひがしにいがた	313
ひがしにいがたこう	203
ひがしにいつ	125
ひがしにっかわ	63
ひがしにほんばし	281
ひがしね	16
ひがしねむろ	22
ひがしねやがわ	63
ひがしの	60
ひがしのしろ	22
ひがしのじり	54
ひがしはぎ	341
ひがしはくらく	168
ひがしはごろも	81
ひがしはしさき	324
ひがしはず	86
ひがしはちもり	54
ひがしはなぞの	60
ひがしはなわ	63
ひがしはま	146
ひがしはんのう	203
ひがしひえ	123
ひがしひめじ	335
ひがしひろしま	146
ひがしびわじま	146
ひがしふうれん	0
ひがしふくしま	146
ひがしふくま	146
ひがしふくやま	146
ひがしふさもと	241
ひがしふしみ	412
ひがしふじしま	146
ひがしふじわら	10
ひがしふたみ	412
ひがしふちゅう	203
ひがしふっさ	247
ひがしふなおか	552
ひがしふなばし	281
ひがしべっぷ	184
ひがしべついん	0
ひがしまいづる	2
ひがしまつえ	123
ひがしまつさか	552
ひがしまつど	266
ひがしまつばら	10
ひがしまつやま	146
ひがしみくに	319
ひがしみずしま	146
ひがしみずまき	324
ひがしみっかいち	112
ひがしみと	241
ひがしみはま	146
ひがしみやはら	10
ひがしむこう	203
ひがしむこうじま	146
ひがしむらやま	146
ひがしむろらん	0
ひがしめんだ	354
ひがしもり	54
ひがしもろ	22
ひがしもんぜん	0
ひがしやつお	459
ひがしやま	146
ひがしやまきた	313
ひがしやまこうえん	0
ひがしやましろ	22
ひがしやまた	313
ひがしやまとし	281
ひがしやまなし	281
ひがしやま・おかでんみゅーじあむ	76
ひがしやもと	241
ひがしゆうき	324
ひがしよこた	313
ひがしよどがわ	63
ひがしりんかん	0
ひがしろくせん	0
ひがしわしのみや	187
ひがた	313
ひきじ	335
ひきふね	16
ひきめ	27
ひぎり	54
ひくま	146
ひぐち	112
ひけた	313
ひこさき	324
ひこさん	0
ひこね	16
ひこねぐち	112
ひこねせりかわ	63
ひころいち	112
ひごいくら	10
ひごおおづ	125
ひごこうだ	354
ひごし	281
ひごたのうら	10
ひごながはま	146
ひごにしのむら	10
ひごばし	281
ひごふたみ	412
ひさい	479
ひさのはま	146
ひさやおおどおり	54
ひしま	146
ひしろ	22
ひじ	335
ひじだい	479
ひじりこうげん	0
ひぜんあさひ	398
ひぜんいいだ	354
ひぜんおおうら	10
ひぜんかしま	146
ひぜんくぼ	109
ひぜんこが	575
ひぜんしろいし	281
ひぜんながた	313
ひぜんながの	60
ひぜんななうら	10
ひぜんはま	146
ひぜんふもと	241
ひぜんやまぐち	112
ひぜんりゅうおう	203
ひた	313
ひたち	112
ひたちあおやぎ	341
ひたちおおた	313
ひたちおおみや	187
ひたちこうのす	84
ひたちたが	575
ひたちだいご	314
ひたちつだ	354
ひたちない	479
ひたちのうしく	168
ひだいちのみや	187
ひだおさか	552
ひだかとうべつ	125
ひだかなやま	146
ひだかほろべつ	125
ひだかみついし	281
ひだかもんべつ	125
ひだこくふ	184
ひだはぎわら	10
ひだふるかわ	63
ひだほそえ	123
ひだみやだ	354
ひだりいし	281
ひだりせき	324
ひつ	125
ひづめ	27
ひでしお	459
ひでや	187
ひといちば	258
ひとつぎ	341
ひとつばしがくえん	0
ひとまる	2
ひとまるまえ	123
ひとみ	412
ひとよし	281
ひとよしおんせん	0
ひど	266
ひな	271
ひなが	575
ひなぐおんせん	0
ひなせ	104
ひなた	313
ひなたやま	146
ひなたわだ	354
ひぬま	146
ひねの	60
ひの	60
ひので	63
ひのでちょう	203
ひのはる	2
ひのぼり	54
ひのみこ	260
ひばやま	146
ひばり	54
ひばりがおか	552
ひばりがおかはなやしき	324
ひびの	60
ひびや	187
ひみ	412
ひめ	27
ひめかわ	63
ひめじ	335
ひめじかもつ	125
ひめじべっしょ	106
ひめじま	146
ひめみや	187
ひゅうが	575
ひゅうがおおつか	552
ひゅうがきたかた	313
ひゅうがくつかけ	69
ひゅうがし	281
ひゅうがしょうない	479
ひゅうがしんとみ	412
ひゅうがすみよし	281
ひゅうがながい	479
ひゅうがまえだ	354
ひょうきやま	146
ひょうご	314
ひょうたんやま	146
ひよし	281
ひよしちょう	203
ひよしほんちょう	203
ひよどりごえ	123
ひら	10
ひらい	479
ひらいし	281
ひらいずみ	412
ひらいそ	35
ひらいわ	63
ひらおか	552
ひらか	552
ひらかたこうえん	0
ひらかたし	281
ひらかわ	63
ひらき	324
ひらきだ	354
ひらぎ	341
ひらぎし	281
ひらくら	10
ひらこ	260
ひらた	313
ひらたき	324
ひらたちょう	203
ひらつか	552
ひらつと	241
ひらとばし	281
ひらない	479
ひらぬまばし	281
ひらの	60
ひらはた	313
ひらはら	10
ひらばやし	281
ひらばり	54
ひらふ	184
ひらふく	168
ひらま	146
ひらまつ	125
ひらやま	146
ひらやまじょうしこうえん	0
ひれがさき	324
ひろ	22
ひろお	459
ひろおか	552
ひろかわびーち	112
ひろき	324
ひろこうした	313
ひろこうじ	335
ひろごうど	266
ひろさき	324
ひろさきがくいんだいまえ	123
ひろさきひがしこうまえ	123
ひろしま	146
ひろしまかもつたーみなる	2
ひろせがわら	10
ひろせどおり	54
ひろせやちょうのもり	54
ひろた	313
ひろでんあじな	271
ひろでんいつかいち	112
ひろでんにしひろしま	146
ひろでんはつかいち	112
ひろでんみやじまぐち	112
ひろと	241
ひろの	60
ひろのごるふじょうまえ	123
ひろはた	313
ひろわら	10
ひわ	63
ひわさ	247
ひわだ	354
びえい	479
びしゃもん	0
びしゃもんだい	479
びしょうえん	0
びじゅつかんとしょかんまえ	123
びじょだいら	10
びぜんいちのみや	187
びぜんかたおか	552
びぜんかたかみ	412
びぜんたい	479
びぜんにしいち	112
びぜんはら	10
びぜんふくかわ	63
びぜんみかど	266
びっちゅうかわも	81
びっちゅうくれせ	104
びっちゅうこうじろ	22
びっちゅうたかはし	281
びっちゅうたかまつ	125
びっちゅうひろせ	104
びっちゅうみしま	146
びばい	479
びばうし	281
びふか	552
びほろ	22
びょうぶがうら	10
びるわ	63
びわじま	146
びんごあかさか	552
びんごおちあい	479
びんごさいじょう	203
びんごしょうばら	10
びんごほんじょう	203
びんごみかわ	63
びんごみっかいち	112
びんごやすだ	354
びんごやの	60
びんごやわた	313
ぴっぷ	184
ふぁみりーこうえんまえ	123
ふうれん	0
ふかい	479
ふかうら	10
ふかえ	123
ふかえばし	281
ふかがわ	63
ふかくさ	247
ふかた	313
ふかど	266
ふかみぞ	39
ふかや	187
ふき	324
ふきあげ	79
ふく	168
ふくい	479
ふくいぐち	112
ふくうら	10
ふくえ	123
ふくおか	552
ふくおかかもつたーみなる	2
ふくおかくうこう	203
ふくおんじ	335
ふくがみ	412
ふくがわ	63
ふくさき	324
ふくしま	146
ふくしまいままち	112
ふくしまがくいんまえ	123
ふくしまぐち	112
ふくしまたかまつ	125
ふくずみ	412
ふくたわら	10
ふくだいまえ	123
ふくだいまえにしふくい	479
ふくだまち	112
ふくち	112
ふくちやま	146
ふくちやましみんびょういんぐち	112
ふくの	60
ふくはら	10
ふくべ	11
ふくま	146
ふくみつ	125
ふくやま	146
ふくよう	203
ふくよし	281
ふくら	10
ふくろ	22
ふくろい	479
ふくろぐら	10
ふくろだ	354
ふくわたり	54
ふけこう	203
ふけちょう	203
ふこうだ	354
ふさ	247
ふさざき	324
ふさもと	241
ふしき	324
ふしみ	412
ふしみいなり	54
ふしみももやま	146
ふしや	187
ふじ	335
ふじい	479
ふじいでら	10
ふじえ	123
ふじえだ	354
ふじおか	552
ふじかわ	63
ふじがおか	552
ふじきゅうはいらんど	266
ふじこし	281
ふじさか	552
ふじさき	324
ふじさきぐうまえ	123
ふじさわ	63
ふじさわほんまち	112
ふじさん	0
ふじしま	146
ふじしろ	22
ふじた	313
ふじたな	271
ふじてっくまえ	123
ふじなみ	412
ふじね	16
ふじの	60
ふじのうしじま	146
ふじのき	324
ふじのみや	187
ふじのもり	54
ふじふいるむまえ	123
ふじまつ	125
ふじみ	412
ふじみがおか	552
ふじみだい	479
ふじみちょう	203
ふじみの	60
ふじやま	146
ふじやました	313
ふじゅう	203
ふせ	104
ふそう	203
ふぞくちゅうがくまえ	123
ふたいわ	63
ふたがわ	63
ふたこしんち	112
ふたこたまがわ	63
ふたご	314
ふたじま	146
ふただ	354
ふたつい	479
ふたついり	54
ふたつか	552
ふたな	271
ふたば	258
ふたまた	313
ふたまたお	459
ふたまたがわ	63
ふたまたしんまち	112
ふたまたほんまち	112
ふたみのうら	10
ふたわむこうだい	479
ふだ	354
ふだい	479
ふちがき	324
ふちだか	552
ふちのべ	11
ふちゅう	203
ふちゅううさか	552
ふちゅうけいばせいもんまえ	123
ふちゅうほんまち	112
ふっこうだいまえ	123
ふっこし	281
ふっさ	247
ふつかいち	112
ふと	241
ふとみ	412
ふどういんまえ	123
ふどうのさわ	63
ふどうまえ	123
ふなお	459
ふなおか	552
ふながた	313
ふなこし	281
ふなさ	247
ふなつ	125
ふなと	241
ふなばし	281
ふなばしけいばじょう	203
ふなばしにちだいまえ	123
ふなばしほうてん	0
ふなひらやま	146
ふなぼり	54
ふなまち	112
ふなまちぐち	112
ふなみちょう	203
ふねのかがくかん	0
ふねひき	324
ふばさみ	412
ふみのさと	241
ふや	187
ふらの	60
ふるいち	112
ふるいちばし	281
ふるえ	123
ふるかわ	63
ふるかわばし	281
ふるくち	112
ふるごう	203
ふるさとこうえん	0
ふるさん	0
ふるしょう	203
ふるじま	146
ふるせ	104
ふるたかまつ	125
ふるたかまつみなみ	412
ふるだて	51
ふるつ	125
ふるま	146
ふれあいしょうりき	324
ふれあいひろば	258
ふわいしき	324
ぶし	281
ぶしゅうあらき	324
ぶしゅうからさわ	63
ぶしゅうなかがわ	63
ぶしゅうながせ	104
ぶしゅうはらや	187
ぶしゅうひの	60
ぶぜんおおくま	146
ぶぜんかわさき	324
ぶぜんしょうえ	123
ぶぜんぜんこうじ	335
ぶぜんながす	84
ぶぜんますだ	354
ぶっしょうざん	0
ぶばいがわら	10
ぶんかのもり	54
ぶんごおぎ	341
ぶんごきよかわ	63
ぶんごこくぶ	210
ぶんごたけた	313
ぶんごとよおか	552
ぶんごなかがわ	63
ぶんごなかむら	10
ぶんごみよし	281
ぶんごもり	54
ぶんすい	479
へいあんどおり	54
へいじょう	203
へいせい	479
へいた	313
へいづ	125
へいわ	63
へいわじま	146
へいわだい	479
へいわどおり	54
へがわ	63
へきかいふるい	479
へきなん	0
へきなんし	281
へきなんちゅうおう	203
へぐり	54
へさか	552
へた	313
へなし	281
へびた	313
へみ	412
べっしょ	106
べっしょおんせん	0
べっとが	575
べっぷ	184
べっぷだいがく	168
べっぽ	108
べふ	184
べるまえ	123
べんてんじま	146
べんてんちょう	203
べんてんばし	281
ほうえい	479
ほうかいいん	0
ほうきだいせん	0
ほうきみぞぐち	112
ほうぎ	341
ほうこく	168
ほうざんじ	335
ほうしゃくじ	335
ほうしゅやま	146
ほうじょうまち	112
ほうすいすすきの	60
ほうぜんじ	335
ほうその	60
ほうだつ	125
ほうでん	0
ほうなんちょう	203
ほうふ	184
ほうや	187
ほうらい	479
ほうらいおか	552
ほうりゅうじ	335
ほくせい	479
ほくせいちゅうおうこうえんぐち	112
ほくてつかなざわ	63
ほくのう	203
ほくほくおおしま	146
ほしい	479
ほしおき	324
ほしかわ	63
ほしがおか	552
ほしだ	354
ほしの	60
ほしや	187
ほずえ	123
ほそうら	10
ほそおか	552
ほその	60
ほそばた	313
ほそや	187
ほそろぎ	341
ほた	313
ほたか	552
ほたるがいけ	69
ほたるだ	354
ほっかいどういりょうだいがく	168
ほっけぐち	112
ほっさか	552
ほづきょう	203
ほづみ	412
ほてい	479
ほととぎす	84
ほどがや	187
ほどくぼ	109
ほない	479
ほばら	10
ほぼ	109
ほみ	412
ほりうちこうえん	0
ほりえ	123
ほりかわ	63
ほりきり	54
ほりきりしょうぶえん	0
ほりごめ	27
ほりた	313
ほりない	479
ほりのうち	112
ほれい	479
ほろぬか	552
ほろのべ	11
ほろひらばし	281
ほろべつ	125
ほろむい	479
ほんあつぎ	341
ほんいさはや	187
ほんいしくら	10
ほんかわごえ	123
ほんかわち	112
ほんきり	54
ほんくげぬま	146
ほんくろだ	354
ほんぐう	203
ほんこまごめ	27
ほんごう	203
ほんごうさんちょうめ	27
ほんごうだい	479
ほんしおがま	146
ほんじょあづまばし	281
ほんじょう	203
ほんじょうわせだ	354
ほんじん	0
ほんたつの	60
ほんだ	354
ほんちば	258
ほんつばた	313
ほんどおり	54
ほんな	271
ほんなかの	60
ほんながしの	60
ほんのう	203
ほんはちのへ	20
ほんまたが	575
ほんまち	112
ほんむたべ	11
ほんもくふとう	203
ほんゆら	10
ほんよしわら	10
ぼうえきせんたー	313
ぼうじょう	203
ぼこい	479
ぽーとたうんにし	281
ぽーとたうんひがし	281
まいおか	552
まいこ	260
まいここうえん	0
まいさか	552
まいた	313
まいだしきゅうだいびょういんまえ	123
まいはま	146
まいばら	10
まいまつばら	10
まえかわ	63
まえごう	203
まえさわ	63
まえぞら	10
まえだみなみ	412
まえのはま	146
まえはま	146
まえばし	281
まえばしおおしま	146
まえばら	10
まえひらこうえん	0
まえやち	112
まえやま	146
まおろし	281
まがえ	123
まがりかね	16
まがりさわ	63
まき	324
まきおち	112
まきし	281
まきの	60
まきのこう	203
まきむく	168
まきやま	146
まくた	313
まくはり	54
まくはりほんごう	203
まくべつ	125
まくらざき	324
まぐら	10
まこまない	479
まごめ	27
まごめざわ	63
まさき	324
まさる	2
ましこ	260
ましゅう	203
まじ	335
まじま	146
ますうら	10
ますお	459
ますかた	313
ますが	575
ますざわ	63
ますだ	354
またき	324
まだ	354
まちかた	313
まちだ	354
まちなかりくぜんたかた	313
まちや	187
まっとう	203
まっぷ	184
まついだ	354
まついやまて	51
まついわ	63
まつうら	10
まつうらはつでんしょまえ	123
まつえ	123
まつえいんぐりっしゅがーでんまえ	123
まつえしんじこおんせん	0
まつえふぉーげるぱーく	168
まつお	459
まつおか	552
まつおたいしゃ	187
まつおはちまんたい	479
まつおまち	112
まつかみ	412
まつかわ	63
まつがうら	10
まつがさき	324
まつがや	187
まつきたい	479
まつぎし	281
まつくさ	247
まつくら	10
まつさか	552
まつざき	324
まつした	313
まつしま	146
まつしまかいがん	0
まつしまにちょうめ	27
まつだ	354
まつち	112
まつづか	552
まつど	266
まつどしんでん	0
まつなが	575
まつのおでら	10
まつのはま	146
まつのばんば	258
まつば	258
まつばせ	104
まつばら	10
まつばらこ	260
まつひさ	247
まつひだい	479
まつまる	2
まつもと	241
まつもとまちや	187
まつもり	54
まつやま	146
まつやまし	281
まつやまち	112
まつやままち	112
まとう	203
まとがた	313
まとば	258
まない	479
まながし	281
まなぐら	10
まなづる	2
まにわ	63
まばし	281
まぼりかいがん	0
ままだ	354
まむろがわ	63
まや	187
まやけーぶる	2
まるお	459
まるおか	552
まるがめ	27
まるせっぷ	184
まるたまち	112
まるのうち	112
まるぶち	112
まるもり	54
まるやま	146
まるやまこうえん	0
まるやました	313
まれっぷ	184
まんがつか	552
まんがんじ	335
まんごくうら	10
まんざ・かざわぐち	112
まんとみ	412
まんば	258
みあい	479
みい	479
みいでら	10
みいのはら	10
みうら	10
みうらかいがん	0
みえ	123
みえじ	335
みえばし	281
みえまち	112
みかきの	60
みかげ	79
みかじり	54
みかた	313
みかづき	324
みかど	266
みかどだい	479
みかのだい	479
みかも	81
みかやまぐち	112
みかわ	63
みかわあんじょう	203
みかわいちのみや	187
みかわおおつか	552
みかわおおの	60
みかわかしま	146
みかわかみごう	203
みかわかわい	479
みかわしおつ	125
みかわしま	146
みかわたかはま	146
みかわたはら	10
みかわち	112
みかわちりゅう	203
みかわとうごう	203
みかわとば	258
みかわとよた	313
みかわまきはら	10
みかわみや	187
みかわやつはし	281
みき	324
みきうえのまる	2
みきさと	241
みくに	319
みくにがおか	552
みくにじんじゃ	187
みくにみなと	241
みくも	81
みくりや	187
みけかど	266
みさき	324
みさきがおか	552
みさきぐち	112
みさきこうえん	0
みさくぼ	109
みささぎ	341
みさしま	146
みさと	241
みさとちゅうおう	203
みさわ	63
みしま	146
みしまたまち	112
みしまひろこうじ	335
みしまふつかまち	112
みすみ	412
みずい	479
みずえ	123
みずおち	112
みずき	324
みずさわ	63
みずさわえさし	281
みずしま	146
みずしり	54
みずた	313
みずなみ	412
みずなりかわ	63
みずぬま	146
みずの	60
みずはし	281
みずほ	106
みずほうんどうじょうにし	281
みずほうんどうじょうひがし	281
みずほくやくしょ	106
みずほだい	479
みずま	146
みずまかんのん	0
みずまき	324
みせだに	319
みその	60
みそのちゅうおうこうえん	0
みぞぐち	112
みぞのくち	112
みた	313
みたか	552
みたかだい	479
みたき	324
みたけ	69
みたけぐち	112
みたけさん	0
みたけだいら	10
みたけどう	203
みたぞの	60
みたに	319
みだ	354
みだいばし	281
みだみ	412
みだれがわ	63
みちかわ	63
みちのうえ	123
みちのお	459
みっかいち	112
みっかいちちょう	203
みっかび	436
みつ	125
みついし	281
みつおか	552
みつかいどう	203
みつきょう	203
みつくち	112
みつけ	69
みつこしまえ	123
みつさわ	63
みつざわかみちょう	203
みつざわしもちょう	203
みつせき	324
みつとうげ	79
みつはま	146
みつびしじこうまえ	123
みつま	146
みつまた	313
みつまつ	125
みつみねぐち	112
みつや	187
みつわだい	479
みてじま	146
みと	241
みとま	146
みどう	203
みどり	54
みどりい	479
みどりかわ	63
みどりがおか	552
みどりぐち	112
みどりこ	260
みどりだい	479
みどりちゅうおう	203
みどりちょう	203
みどりなかまち	112
みどりばし	281
みなかみ	412
みなぎ	341
みなくち	112
みなくちいしばし	281
みなくちじょうなん	0
みなくちまつお	459
みなせ	104
みなと	241
みなとがわ	63
みなとがわこうえん	0
みなとくやくしょ	106
みなとちょう	203
みなともとまち	112
みなとやま	146
みなの	60
みなべ	11
みなまた	313
みなみあさがや	187
みなみあそしらかわすいげん	0
みなみあそみずのうまれるさとはくすいこうげん	0
みなみあらお	459
みなみあらこ	260
みなみあんじょう	203
みなみいこま	146
みなみいしい	479
みなみいしげ	79
みなみいとう	203
みなみいばらき	324
みなみいまじょう	203
みなみいわくに	319
みなみうおざき	324
みなみうっでぃたうん	0
みなみうつのみや	187
みなみうらわ	63
みなみおおいた	313
みなみおおさわ	63
みなみおおた	313
みなみおおだか	552
みなみおおつか	552
みなみおおまち	112
みなみおおみね	16
みなみおたり	54
みなみおたる	2
みなみおのだ	354
みなみかぎや	187
みなみかくだ	354
みなみかごしま	146
みなみかごしまえきまえ	123
みなみかしわ	63
みなみかた	313
みなみかみしろ	22
みなみかりやす	84
みなみがおか	552
みなみぎょうとく	168
みなみくさつ	125
みなみくまもと	241
みなみくりはし	281
みなみくるめ	27
みなみけせんぬま	146
みなみこうえん	0
みなみこうふ	184
みなみこくら	10
みなみこしがや	187
みなみこだからおんせん	0
みなみこまつしま	146
みなみごうち	112
みなみごてんば	258
みなみさかいで	63
みなみさかえ	123
みなみさがえ	123
みなみさくらい	479
みなみしが	575
みなみしすい	479
みなみしまばら	10
みなみしみずさわ	63
みなみしもとっぷ	184
みなみしゃり	54
みなみしんじ	335
みなみしんじゅく	168
みなみしんじょう	203
みなみじゅく	168
みなみすなまち	112
みなみせたか	552
みなみせっつ	125
みなみせんじゅ	61
みなみせんだい	479
みなみせんり	54
みなみたかさき	324
みなみたかだ	354
みなみたつみ	412
みなみたなべ	11
みなみたま	146
みなみだいとう	203
みなみだいら	10
みなみちとせ	104
みなみちょうかい	479
みなみてしかが	575
みなみでわ	63
みなみとやま	146
みなみとやまえきまえ	123
みなみとよしな	271
みなみなかがわ	63
みなみなかごう	203
みなみながい	479
みなみながおか	552
みなみながやま	146
みなみながれやま	146
みなみの	60
みなみのおがたごてんぐち	112
みなみのべおか	552
みなみはくい	479
みなみはしもと	241
みなみはとがや	187
みなみはにゅう	203
みなみはら	10
みなみひこね	16
みなみひなが	575
みなみひゅうが	575
みなみひらぎし	281
みなみびふか	552
みなみぴっぷ	184
みなみふくい	479
みなみふくおか	552
みなみふくしま	146
みなみふなばし	281
みなみふるや	187
みなみほろのべ	11
みなみまきがはら	10
みなみまちだ	354
みなみまつもと	241
みなみみやざき	324
みなみもりまち	112
みなみもりや	187
みなみやしろ	22
みなみゆくはし	281
みなみゆふ	184
みなみよしだ	354
みなみよっかいち	112
みなみよねざわ	63
みなみよの	60
みなみりんかん	0
みなみわかまつ	125
みなみわっかない	479
みなら	10
みなわ	63
みぬまだいしんすいこうえん	0
みね	16
みねのぶ	210
みねやま	146
みねよしかわ	63
みのあかさか	552
みのうら	10
みのお	459
みのおおた	313
みのかわい	479
みのさかもと	241
みのし	281
みのしま	146
みのしろとり	54
みのせ	104
みのたかだ	354
みのたに	319
みのつや	187
みのばやし	281
みのぶ	210
みのほんごう	203
みのまつやま	146
みのやなぎ	341
みのやまざき	324
みのりだい	479
みのわ	63
みはた	313
みはま	146
みはまりょくえん	0
みはら	10
みはらし	281
みはらしだい	479
みはる	2
みぶ	210
みほみすみ	412
みまさか	552
みまさかえみ	412
みまさかおいわけ	69
みまさかおおさき	324
みまさかおちあい	479
みまさかかも	81
みまさかかわい	479
みまさかせんだい	479
みまさかたきお	459
みまさかどい	479
みまた	313
みみつ	125
みみなし	281
みむろど	266
みもみ	412
みやうち	112
みやうちくしど	266
みやがはま	146
みやがわ	63
みやき	324
みやぎのどおり	54
みやぎのはら	10
みやぐち	112
みやけはちまん	0
みやこ	260
みやこいずみ	412
みやこじま	146
みやこだ	354
みやこのじょう	203
みやざき	324
みやざきくうこう	203
みやざきじんぐう	203
みやざきだい	479
みやじ	335
みやじま	146
みやじまぐち	112
みやだ	354
みやづ	125
みやの	60
みやのこし	281
みやのさか	552
みやのさわ	63
みやのした	313
みやのじん	0
みやのひら	10
みやはら	10
みやま	146
みやまえ	123
みやまえだいら	10
みやまき	324
みやまち	112
みやまど	266
みやむら	10
みやもとむさし	281
みやもり	54
みややま	146
みやわき	324
みゆきつじ	335
みょうおんどおり	54
みょうかく	168
みょうがだに	319
みょうけんぐち	112
みょうけんざん	0
みょうこうこうげん	0
みょうこうじ	335
みょうしんじ	335
みょうじ	335
みょうじょう	203
みょうじん	0
みょうだに	319
みょうでん	0
みょうほうじ	335
みょうれんじ	335
みよし	281
みよしがおか	552
みよしちょう	203
みよた	313
みらいだいら	10
みらさか	552
みろづ	125
みわ	63
みわさき	324
みんまや	187
むいかまち	112
むかいがわら	10
むかいじま	146
むかいせのうえ	123
むかいちば	258
むかいなだ	354
むかいのしろ	22
むかいのはる	2
むかいはま	146
むかいはら	10
むかいばら	10
むかいやま	146
むかわ	63
むぎ	341
むくの	60
むこ	260
むこうがおか	552
むこうがおかゆうえん	0
むこうまち	112
むこがわ	63
むこがわだんちまえ	123
むこのそう	203
むさ	247
むさしいつかいち	112
むさしうらわ	63
むさしこがねい	479
むさしこすぎ	341
むさしこやま	146
むさしさかい	479
むさししらいし	281
むさししんじょう	203
むさしすながわ	63
むさしせき	324
むさしたかはぎ	341
むさしづか	552
むさしなかはら	10
むさしにった	313
むさしのだい	479
むさしひきだ	354
むさしふじさわ	63
むさしますこ	260
むさしみぞのくち	112
むさしやまと	241
むさしよこて	51
むさしらんざん	0
むしがわおおすぎ	341
むそた	313
むだ	354
むつあいにちだいまえ	123
むつあかいし	281
むついちかわ	63
むついわさき	324
むつうら	10
むつさわべ	11
むつしらはま	146
むつつるだ	354
むつな	271
むつみ	412
むつみなと	241
むつもりた	313
むつやなぎた	313
むつよこはま	146
むでん	0
むや	187
むらい	479
むらかみ	412
むらさき	324
むらさきの	60
むらの	60
むらやま	146
むれ	4
むろ	22
むろうぐちおおの	60
むろどう	203
むろみ	412
むろらん	0
めいじじんぐうまえ	123
めいじょうこうえん	0
めいだいまえ	123
めいてついちのみや	187
めいてつぎふ	184
めいてつなごや	187
めいでんあかさか	552
めいでんかかみがはら	10
めいでんちっこう	203
めいでんながさわ	63
めいでんやまなか	552
めいのはま	146
めいほう	203
めおといし	281
めが	575
めぐみの	60
めぐろ	22
めじろ	22
めじろだい	479
めじろやました	313
めで	63
めとき	324
めな	271
めふじんじゃ	187
めまんべつ	125
めむろ	22
めんでん	0
もいち	112
もうぎ	341
もおか	552
もがみ	412
もきちきねんかんまえ	123
もぐさえん	0
もこと	241
もしり	54
もじ	335
もじこう	203
もず	86
もずはちまん	0
もせうし	281
もたてやま	146
もちがせ	104
もちだ	354
もちばる	2
もちむね	16
もてぎ	341
もとかさでら	10
もとかじ	335
もとさんじょうぐち	112
もとじゅく	168
もとす	84
もとすみよし	281
もとぜんこうじ	335
もとたて	51
もとたなか	552
もとちょうし	281
もとなかごや	187
もとはすぬま	146
もとほしざき	324
もとまち	112
もとまち・ちゅうかがい	479
もとみや	187
もとやま	146
もとやわた	313
もとよし	281
もとわにし	281
ものい	479
ものれーるはままつちょう	203
もばら	10
もへじ	335
もみやま	146
ももうち	112
ももぞの	60
ももだに	319
もものかわ	63
ももやま	146
ももやまごりょうまえ	123
ももやまだい	479
ももやまみなみぐち	112
もり	54
もりいし	281
もりおか	552
もりおかかもつたーみなる	2
もりかみ	412
もりぐち	112
もりぐちし	281
もりした	313
もりしょうじ	335
もりせきのした	313
もりた	313
もりたけ	69
もりつね	16
もりのみや	187
もりまちびょういんまえ	123
もりみやのはら	10
もりもと	241
もりや	187
もりやま	146
もりやまじえいたいまえ	123
もりんじまえ	123
もれらぎふ	184
もろ	22
もろよせ	104
もんしず	86
もんぜんなかちょう	203
もんでん	0
もんどやくじん	0
もんぽない	479
やいた	313
やいづ	125
やいろ	22
やえのさと	241
やお	459
やおとめ	27
やおみなみ	412
やか	552
やかげ	79
やかべ	11
やかわ	63
やが	575
やがみ	412
やがわ	63
やがわら	10
やぎ	341
やぎさき	324
やぎさわ	63
やぎにしぐち	112
やぎはら	10
やぎやまどうぶつこうえん	0
やぎゅう	203
やぎゅうばし	281
やぎり	54
やくいん	0
やくいんおおどおり	54
やくえんだい	479
やくさ	247
やくしどう	203
やくじん	0
やくも	81
やくり	54
やくりぐち	112
やくりさんじょう	203
やくりしんみち	112
やくりとざんぐち	112
やぐちのわたし	281
やぐまだい	479
やぐら	10
やけいし	281
やけじま	146
やこう	203
やごし	281
やごしま	146
やごと	241
やごとにっせき	324
やさか	552
やざいけ	69
やしお	459
やしま	146
やしゅうおおつか	552
やしゅうひらかわ	63
やしゅうやまべ	11
やしろ	22
やしろこうこうまえ	123
やしろだ	354
やしろちょう	203
やす	84
やすうし	281
やすうら	10
やすおか	552
やすぎ	341
やすくに	319
やすたけ	69
やすだ	354
やすづか	552
やすひがし	281
やずこうこうまえ	123
やせひえいざんぐち	112
やそば	258
やた	313
やたがわ	63
やたけ	69
やだ	354
やだまえ	123
やちほ	106
やちまた	313
やちよだい	479
やちよちゅうおう	203
やちよみどりがおか	552
やつ	125
やつか	552
やつぎ	341
やつしま	146
やつしろ	22
やつみ	412
やとみ	412
やない	479
やないづ	125
やないみなと	241
やながわ	63
やながわきぼうのもりこうえんまえ	123
やなぎ	341
やなぎがうら	10
やなぎこうじ	335
やなぎた	313
やなぎはら	10
やなぎばし	281
やなぎもと	241
やなせ	104
やなせがわ	63
やなぜ	116
やなば	258
やなばすきーじょうまえ	123
やの	60
やのくち	112
やはぎ	341
やはぎばし	281
やはた	313
やはば	258
やばしら	10
やばせ	104
やばちょう	203
やばら	10
やひこ	260
やひろ	22
やびつ	125
やぶ	210
やぶかみ	412
やぶき	324
やぶづか	552
やぶはら	10
やべ	11
やほ	106
やまおか	552
やまかわ	63
やまが	575
やまがた	313
やまがたじゅく	168
やまがわち	112
やまきた	313
やまぎし	281
やまぐち	112
やまぐちだんち	112
やまぐま	146
やまこし	281
やまさき	324
やまさと	241
やまざき	324
やました	313
やましな	271
やましろあおだに	319
やましろたが	575
やまじょう	203
やませ	104
やまだ	354
やまだかみぐち	112
やまだがわ	63
やまだに	319
やまだにしまち	112
やまつりやま	146
やまて	51
やまでら	10
やまと	241
やまとあさくら	10
やまとかみいち	112
やまとこいずみ	412
やまとさいだいじ	335
やまとしんじょう	203
やまとたかだ	354
やまとふたみ	412
やまとやぎ	341
やまな	271
やまなかだに	319
やまなしし	281
やまにし	281
やまのうち	112
やまのくち	112
やまのた	313
やまのまち	112
やまのめ	27
やまぶき	324
やまべ	11
やままえ	123
やまもと	241
やむべつ	125
やむらまち	112
やもと	241
やよい	479
やよいがおか	552
やよいだい	479
やりみない	479
やわた	313
やわたし	281
やわたしんでん	0
やわたじゅく	168
やわたはま	146
ゆあさ	247
ゆい	479
ゆいがはま	146
ゆう	203
ゆうえんちにし	281
ゆうき	324
ゆうざき	324
ゆうち	112
ゆうてんじ	335
ゆうばり	54
ゆうひがうらきつおんせん	0
ゆうびかん	0
ゆうふつ	125
ゆうらくちょう	203
ゆえ	123
ゆかば	258
ゆかわ	63
ゆがわら	10
ゆき	324
ゆきがやおおつか	552
ゆくはし	281
ゆげ	79
ゆさと	241
ゆざ	253
ゆざわ	63
ゆしま	146
ゆす	84
ゆすばる	2
ゆぜおんせん	0
ゆたま	146
ゆだおんせん	0
ゆだきんしゅうこ	260
ゆだこうげん	0
ゆだなか	552
ゆだむら	10
ゆに	319
ゆにしがわおんせん	0
ゆの	60
ゆのうら	10
ゆのお	459
ゆのかみおんせん	0
ゆのき	324
ゆのつ	125
ゆのとう	203
ゆのひら	10
ゆのほらおんせんぐち	112
ゆのまえ	123
ゆのもと	241
ゆのやまおんせん	0
ゆびそ	35
ゆふいん	0
ゆみがはま	146
ゆめがおか	552
ゆめさきがわ	63
ゆめみの	60
ゆもと	241
ゆやおんせん	0
ゆら	10
ゆりがおか	552
ゆりがはら	10
ゆーかりがおか	552
よあけ	69
よいち	112
ようか	552
ようかいち	112
ようかいちば	258
ようかん	0
ようが	575
ようこうだい	479
ようこく	168
ようご	314
ようそんこうえん	0
ようど	266
ようろう	203
ようろうけいこく	168
よこいそ	35
よこえ	123
よこお	459
よこかわ	63
よこかわめ	27
よこがわ	63
よこがわら	10
よこくら	10
よこしば	258
よこすか	552
よこすかちゅうおう	203
よこぜ	116
よこた	313
よこづつみ	412
よこて	51
よこはま	146
よこはまはざわ	63
よこはまほんもく	168
よこぼり	54
よこま	146
よこや	187
よこやま	146
よご	314
よさの	60
よしい	479
よしいけおんせんまえ	123
よしうら	10
よしお	459
よしかわ	63
よしかわこうえん	0
よしかわみなみ	412
よしざわ	63
よした	313
よしだ	354
よしだぐち	112
よしづか	552
よしとみ	412
よしな	271
よしなが	575
よしなり	54
よしの	60
よしのがりこうえん	0
よしのぐち	112
よしのじんぐう	203
よしのちょう	203
よしのはら	10
よしのぶ	210
よしはま	146
よしまつ	125
よしみ	412
よしみず	86
よしみのさと	241
よしわら	10
よしわらほんちょう	203
よっかいち	112
よつかいどう	203
よつぎ	341
よつくら	10
よつごや	187
よつつじ	335
よつばし	281
よつや	187
よつやさんちょうめ	27
よど	266
よどえ	123
よどがわ	63
よどやばし	281
よないざわ	63
よなご	314
よなごくうこう	203
よねかわ	63
よねざわ	63
よねづ	125
よねやま	146
よの	60
よのほんまち	112
よのもり	54
よびつぎ	341
よびと	241
よぶの	60
よべ	11
よませ	104
よみうりらんどまえ	123
よもぎた	313
よよぎ	341
よよぎうえはら	10
よよぎこうえん	0
よよぎはちまん	0
よりい	479
よりはた	313
よろい	479
よわら	10
らいこうじ	335
らいはい	479
らくさいぐち	112
らくらくえん	0
らべんだーばたけ	69
らんこし	281
らんしま	146
らんでんさが	575
らんでんてんじんがわ	63
らんる	2
りくぜんあかい	479
りくぜんあかさき	324
りくぜんいない	479
りくぜんおおつか	552
りくぜんおちあい	479
りくぜんおの	60
りくぜんこいずみ	412
りくぜんさんのう	203
りくぜんしらさわ	63
りくぜんたかさご	314
りくぜんたかた	313
りくぜんとぐら	10
りくぜんとみやま	146
りくぜんとよさと	241
りくぜんはしかみ	412
りくぜんはまだ	354
りくぜんはらのまち	112
りくぜんみなと	241
りくぜんやち	112
りくぜんやはぎ	341
りくぜんやました	313
りくぜんよこやま	146
りくちゅううべ	11
りくちゅうおおさと	241
りくちゅうおおはし	281
りくちゅうおりい	479
りくちゅうかわい	479
りくちゅうかんざき	324
りくちゅうなかの	60
りくちゅうなつい	479
りくちゅうのだ	354
りくちゅうまつかわ	63
りくちゅうやぎ	341
りくちゅうやまだ	354
りっとう	203
りつりん	0
りつりんこうえん	0
りつりんこうえんきたぐち	112
りふ	184
りゅうおう	203
りゅうおうきょう	203
りゅうがさき	324
りゅうがみず	86
りゅうつうせんたー	313
りゅうまい	479
りょうあんじ	335
りょういし	281
りょうごく	168
りょうり	54
りょくえんとし	281
りょくちこうえん	0
りんかんでんえんとし	281
りんくうとこなめ	27
りんごう	203
るべしべ	11
るもい	479
れぶん	0
れんげじ	335
れんだいじ	335
れんぼう	203
ろかこうえん	0
ろくおういん	0
ろくごう	203
ろくごうどて	51
ろくじぞう	203
ろくじょう	203
ろくたんじ	335
ろくちょう	203
ろくちょうのめ	27
ろくどうじ	335
ろくはら	10
ろくばんちょう	203
ろくまんじ	335
ろくわ	63
ろっけん	0
ろっこう	203
ろっこうけーぶるした	313
ろっこうさんじょう	203
ろっこうみち	112
ろっぽんぎ	341
ろっぽんぎいっちょうめ	27
ろっぽんまつ	125
わいあーるぴーのび	436
わかい	479
わかえいわた	313
わかぐり	54
わかさ	247
わかさありた	313
わかさたかはま	146
わかさほんごう	203
わかさわだ	354
わかせんにん	0
わかば	258
わかばだい	479
わかばやし	281
わかまつ	125
わかまつかわだ	354
わかみや	187
わかやま	146
わかやまこう	203
わかやまし	281
わかやまだいがくまえ	123
わき	324
わきがみ	412
わきのさわ	63
わきもと	241
わくや	187
わくらおんせん	0
わけ	69
わこうし	281
わさ	247
わしづ	125
わしづかはりばら	10
わしのみや	187
わしべつ	125
わじき	324
わじろ	22
わせだ	354
わたぜ	116
わただ	354
わたなべどおり	54
わたなべばし	281
わたのは	239
わたらせ	104
わたり	54
わたりがわ	63
わだ	354
わだうら	10
わだがはら	10
わだづか	552
わだはま	146
わだまち	112
わだみさき	324
わだやま	146
わち	112
わっかない	479
わっさむ	76
わど	266
わどうくろや	187
わに	319
わにし	281
わぶか	552
わぶち	112
わらび	436
わりだし	281
